model,rfecv,repeat,fold,n_features,accuracy,balanced_accuracy,precision,recall,specificity,f1,mcc,roc_auc,brier
lr,False,1,1,16,0.7419354838709677,0.7181818181818183,0.6363636363636364,0.6363636363636364,0.8,0.6363636363636364,0.43636363636363634,0.8624999999999999,0.1489653153300651
svm,False,1,1,16,0.7903225806451613,0.7454545454545455,0.7647058823529411,0.5909090909090909,0.9,0.6666666666666666,0.526516145371534,0.8534090909090908,0.15125619292243359
knn,False,1,1,16,0.6935483870967742,0.6295454545454545,0.6,0.4090909090909091,0.85,0.4864864864864865,0.2894669281878446,0.8272727272727273,0.16340315875267958
nb,False,1,1,16,0.7258064516129032,0.675,0.6470588235294118,0.5,0.85,0.5641025641025641,0.37538651105192705,0.8215909090909091,0.2573396952925958
dt,False,1,1,16,0.7258064516129032,0.7465909090909091,0.5806451612903226,0.8181818181818182,0.675,0.6792452830188679,0.47193990372426947,0.7295454545454545,0.224277248236077
rf,False,1,1,16,0.7258064516129032,0.7056818181818182,0.6086956521739131,0.6363636363636364,0.775,0.6222222222222222,0.40744689535534767,0.8443181818181817,0.15756707924361832
et,False,1,1,16,0.7258064516129032,0.6954545454545455,0.6190476190476191,0.5909090909090909,0.8,0.6046511627906976,0.3951987213450482,0.853409090909091,0.15205542566097166
gb,False,1,1,16,0.7258064516129032,0.675,0.6470588235294118,0.5,0.85,0.5641025641025641,0.37538651105192705,0.8545454545454545,0.16469585787060856
xgb,False,1,1,16,0.7096774193548387,0.6727272727272727,0.6,0.5454545454545454,0.8,0.5714285714285714,0.3535839999514189,0.8079545454545455,0.18068647384643555
lgbm,False,1,1,16,0.7258064516129032,0.6852272727272727,0.631578947368421,0.5454545454545454,0.825,0.5853658536585366,0.38447245934251073,0.8147727272727272,0.19610757610019525
stacking,False,1,1,16,0.7741935483870968,0.7738636363636364,0.6538461538461539,0.7727272727272727,0.775,0.7083333333333334,0.5310895765368948,0.8579545454545454,0.15717071466564492
lr,True,1,1,8,0.7580645161290323,0.7306818181818182,0.6666666666666666,0.6363636363636364,0.825,0.6511627906976745,0.46642639786653944,0.8693181818181819,0.15319855837346352
svm,True,1,1,8,0.7903225806451613,0.7454545454545455,0.7647058823529411,0.5909090909090909,0.9,0.6666666666666666,0.526516145371534,0.8772727272727272,0.14236085959790673
knn,True,1,1,8,0.7258064516129032,0.6647727272727273,0.6666666666666666,0.45454545454545453,0.875,0.5405405405405406,0.3681816191862935,0.8431818181818183,0.15410005941334368
nb,True,1,1,8,0.7096774193548387,0.6625,0.6111111111111112,0.5,0.825,0.55,0.34258007985157446,0.8397727272727273,0.24061204317940083
dt,True,1,1,8,0.7258064516129032,0.7261363636363636,0.5925925925925926,0.7272727272727273,0.725,0.6530612244897959,0.4364412909899801,0.7676136363636363,0.19817785753726086
rf,True,1,1,8,0.7096774193548387,0.6931818181818181,0.5833333333333334,0.6363636363636364,0.75,0.6086956521739131,0.3795248015085807,0.8488636363636363,0.155690090595202
et,True,1,1,8,0.7419354838709677,0.7181818181818183,0.6363636363636364,0.6363636363636364,0.8,0.6363636363636364,0.43636363636363634,0.8579545454545454,0.14570442316633103
gb,True,1,1,8,0.7580645161290323,0.7204545454545455,0.6842105263157895,0.5909090909090909,0.85,0.6341463414634146,0.4575929884199208,0.8545454545454546,0.15649959472867986
xgb,True,1,1,8,0.6935483870967742,0.6602272727272727,0.5714285714285714,0.5454545454545454,0.775,0.5581395348837209,0.32397104482355693,0.8306818181818183,0.17040571570396423
lgbm,True,1,1,8,0.6774193548387096,0.6375,0.55,0.5,0.775,0.5238095238095238,0.28147147364553743,0.7920454545454546,0.21269622849551237
stacking,True,1,1,8,0.8064516129032258,0.7988636363636363,0.7083333333333334,0.7727272727272727,0.825,0.7391304347826086,0.5871471929220984,0.8784090909090909,0.14796683684499484
lr_own_rfecv,True,1,1,9,0.7419354838709677,0.7079545454545455,0.65,0.5909090909090909,0.825,0.6190476190476191,0.4256965262573004,0.8568181818181819,0.15128022567761595
lr,False,1,2,16,0.7741935483870968,0.7738636363636364,0.6538461538461539,0.7727272727272727,0.775,0.7083333333333334,0.5310895765368948,0.8784090909090909,0.14579122530954192
svm,False,1,2,16,0.7903225806451613,0.7454545454545455,0.7647058823529411,0.5909090909090909,0.9,0.6666666666666666,0.526516145371534,0.8568181818181818,0.14757052622000533
knn,False,1,2,16,0.8225806451612904,0.7909090909090909,0.7894736842105263,0.6818181818181818,0.9,0.7317073170731707,0.6038340465747408,0.884090909090909,0.13368200997380206
nb,False,1,2,16,0.7903225806451613,0.7761363636363636,0.6956521739130435,0.7272727272727273,0.825,0.7111111111111111,0.5470143401732016,0.8704545454545454,0.18956620100029978
dt,False,1,2,16,0.7741935483870968,0.7738636363636364,0.6538461538461539,0.7727272727272727,0.775,0.7083333333333334,0.5310895765368948,0.8039772727272727,0.18105229317500415
rf,False,1,2,16,0.8225806451612904,0.8113636363636363,0.7391304347826086,0.7727272727272727,0.85,0.7555555555555555,0.6167980625821285,0.8579545454545454,0.1482419668165006
et,False,1,2,16,0.7580645161290323,0.7511363636363637,0.64,0.7272727272727273,0.775,0.6808510638297872,0.4899029638662273,0.8818181818181818,0.13883423248400892
gb,False,1,2,16,0.7741935483870968,0.7431818181818182,0.7,0.6363636363636364,0.85,0.6666666666666666,0.4978090525631819,0.8556818181818182,0.15994605327267572
xgb,False,1,2,16,0.7419354838709677,0.6977272727272728,0.6666666666666666,0.5454545454545454,0.85,0.6,0.41684569156765,0.8397727272727273,0.17216041684150696
lgbm,False,1,2,16,0.7419354838709677,0.6977272727272728,0.6666666666666666,0.5454545454545454,0.85,0.6,0.41684569156765,0.8318181818181818,0.21068090610217696
stacking,False,1,2,16,0.7903225806451613,0.7965909090909091,0.6666666666666666,0.8181818181818182,0.775,0.7346938775510204,0.572417974614999,0.8818181818181818,0.14259766000017127
lr,True,1,2,14,0.7741935483870968,0.7738636363636364,0.6538461538461539,0.7727272727272727,0.775,0.7083333333333334,0.5310895765368948,0.8829545454545454,0.1452048501033476
svm,True,1,2,14,0.7903225806451613,0.7454545454545455,0.7647058823529411,0.5909090909090909,0.9,0.6666666666666666,0.526516145371534,0.8636363636363636,0.14533159474061752
knn,True,1,2,14,0.8548387096774194,0.8159090909090909,0.8823529411764706,0.6818181818181818,0.95,0.7692307692307693,0.677645779691141,0.8863636363636364,0.1338319758345258
nb,True,1,2,14,0.7580645161290323,0.740909090909091,0.6521739130434783,0.6818181818181818,0.8,0.6666666666666666,0.47723061776427467,0.8715909090909091,0.1949072094043192
dt,True,1,2,14,0.7741935483870968,0.7738636363636364,0.6538461538461539,0.7727272727272727,0.775,0.7083333333333334,0.5310895765368948,0.8039772727272727,0.18105229317500415
rf,True,1,2,14,0.8387096774193549,0.8238636363636364,0.7727272727272727,0.7727272727272727,0.875,0.7727272727272727,0.6477272727272727,0.8556818181818182,0.14866440152859337
et,True,1,2,14,0.8225806451612904,0.8113636363636363,0.7391304347826086,0.7727272727272727,0.85,0.7555555555555555,0.6167980625821285,0.8636363636363636,0.14150395230666474
gb,True,1,2,14,0.7741935483870968,0.7431818181818182,0.7,0.6363636363636364,0.85,0.6666666666666666,0.4978090525631819,0.8556818181818182,0.16003044110033884
xgb,True,1,2,14,0.7580645161290323,0.7102272727272727,0.7058823529411765,0.5454545454545454,0.875,0.6153846153846154,0.45095132821173056,0.8454545454545456,0.16911262273788452
lgbm,True,1,2,14,0.7580645161290323,0.7306818181818182,0.6666666666666666,0.6363636363636364,0.825,0.6511627906976745,0.46642639786653944,0.8238636363636365,0.20070960308256577
stacking,True,1,2,14,0.8064516129032258,0.8090909090909091,0.6923076923076923,0.8181818181818182,0.8,0.75,0.5994040033943377,0.8818181818181818,0.13926050286096292
lr_own_rfecv,True,1,2,11,0.7903225806451613,0.7863636363636364,0.68,0.7727272727272727,0.8,0.723404255319149,0.5586223841370556,0.8806818181818181,0.1453959343169867
lr,False,1,3,16,0.7741935483870968,0.7738636363636364,0.6538461538461539,0.7727272727272727,0.775,0.7083333333333334,0.5310895765368948,0.8693181818181819,0.1472481487698098
svm,False,1,3,16,0.7903225806451613,0.7761363636363636,0.6956521739130435,0.7272727272727273,0.825,0.7111111111111111,0.5470143401732016,0.8477272727272727,0.15267375656119878
knn,False,1,3,16,0.7580645161290323,0.7306818181818182,0.6666666666666666,0.6363636363636364,0.825,0.6511627906976745,0.46642639786653944,0.8181818181818182,0.162918074277782
nb,False,1,3,16,0.8225806451612904,0.7704545454545455,0.8666666666666667,0.5909090909090909,0.95,0.7027027027027027,0.6043256921816405,0.8647727272727272,0.1563885836874438
dt,False,1,3,16,0.7580645161290323,0.7818181818181817,0.6129032258064516,0.8636363636363636,0.7,0.7169811320754716,0.5393598899705937,0.8403409090909091,0.17465674846125212
rf,False,1,3,16,0.7741935483870968,0.7738636363636364,0.6538461538461539,0.7727272727272727,0.775,0.7083333333333334,0.5310895765368948,0.8511363636363636,0.15165227888563
et,False,1,3,16,0.7419354838709677,0.7181818181818183,0.6363636363636364,0.6363636363636364,0.8,0.6363636363636364,0.43636363636363634,0.8340909090909091,0.16048919008552667
gb,False,1,3,16,0.7419354838709677,0.7079545454545455,0.65,0.5909090909090909,0.825,0.6190476190476191,0.4256965262573004,0.8625,0.1439625465615893
xgb,False,1,3,16,0.8064516129032258,0.7784090909090908,0.75,0.6818181818181818,0.875,0.7142857142857143,0.5699215788690635,0.8829545454545454,0.13929110765457153
lgbm,False,1,3,16,0.7419354838709677,0.7079545454545455,0.65,0.5909090909090909,0.825,0.6190476190476191,0.4256965262573004,0.8409090909090908,0.1698126450573083
stacking,False,1,3,16,0.7419354838709677,0.7488636363636363,0.6071428571428571,0.7727272727272727,0.725,0.68,0.47853565308739854,0.8579545454545454,0.1581190379616312
lr,True,1,3,8,0.7419354838709677,0.7284090909090909,0.625,0.6818181818181818,0.775,0.6521739130434783,0.4487322653130866,0.8613636363636363,0.1518100117938061
svm,True,1,3,8,0.7741935483870968,0.7534090909090909,0.6818181818181818,0.6818181818181818,0.825,0.6818181818181818,0.5068181818181818,0.8488636363636364,0.15055668536036748
knn,True,1,3,8,0.7096774193548387,0.6625,0.6111111111111112,0.5,0.825,0.55,0.34258007985157446,0.8045454545454546,0.1642564693632485
nb,True,1,3,8,0.8064516129032258,0.7375,0.9166666666666666,0.5,0.975,0.6470588235294118,0.5752535672785235,0.875,0.15830439372157287
dt,True,1,3,8,0.7741935483870968,0.8045454545454545,0.625,0.9090909090909091,0.7,0.7407407407407407,0.5831601474515877,0.84375,0.15552624692371536
rf,True,1,3,8,0.7903225806451613,0.7863636363636364,0.68,0.7727272727272727,0.8,0.723404255319149,0.5586223841370556,0.8522727272727273,0.1526947329526726
et,True,1,3,8,0.7258064516129032,0.7056818181818182,0.6086956521739131,0.6363636363636364,0.775,0.6222222222222222,0.40744689535534767,0.8397727272727273,0.15934285171333978
gb,True,1,3,8,0.7741935483870968,0.7431818181818182,0.7,0.6363636363636364,0.85,0.6666666666666666,0.4978090525631819,0.8647727272727272,0.1392066500601245
xgb,True,1,3,8,0.7741935483870968,0.7431818181818182,0.7,0.6363636363636364,0.85,0.6666666666666666,0.4978090525631819,0.8431818181818183,0.159791961312294
lgbm,True,1,3,8,0.7741935483870968,0.7534090909090909,0.6818181818181818,0.6818181818181818,0.825,0.6818181818181818,0.5068181818181818,0.8329545454545455,0.1839212873615739
stacking,True,1,3,8,0.7419354838709677,0.7386363636363636,0.6153846153846154,0.7272727272727273,0.75,0.6666666666666666,0.46277514967945194,0.8545454545454545,0.1585638783573597
lr_own_rfecv,True,1,3,9,0.7741935483870968,0.7636363636363637,0.6666666666666666,0.7272727272727273,0.8,0.6956521739130435,0.5179397291175925,0.871590909090909,0.1470956317587083
lr,False,1,4,16,0.6935483870967742,0.7011363636363637,0.5517241379310345,0.7272727272727273,0.675,0.6274509803921569,0.3857500198314227,0.7818181818181817,0.20746914710015427
svm,False,1,4,16,0.6935483870967742,0.6909090909090909,0.5555555555555556,0.6818181818181818,0.7,0.6122448979591837,0.3684529491774706,0.765909090909091,0.19568147352416396
knn,False,1,4,16,0.6935483870967742,0.6704545454545454,0.5652173913043478,0.5909090909090909,0.75,0.5777777777777777,0.33766317294642073,0.7357954545454546,0.20694532586226783
nb,False,1,4,16,0.7419354838709677,0.7284090909090909,0.625,0.6818181818181818,0.775,0.6521739130434783,0.4487322653130866,0.7522727272727272,0.2468508800011816
dt,False,1,4,16,0.7580645161290323,0.7715909090909091,0.6206896551724138,0.8181818181818182,0.725,0.7058823529411765,0.5208714957045764,0.7835227272727274,0.19726228440960072
rf,False,1,4,16,0.7096774193548387,0.7034090909090909,0.5769230769230769,0.6818181818181818,0.725,0.625,0.39446072282200906,0.7556818181818182,0.2107060401522417
et,False,1,4,16,0.7258064516129032,0.7056818181818182,0.6086956521739131,0.6363636363636364,0.775,0.6222222222222222,0.40744689535534767,0.7590909090909091,0.20149151724277367
gb,False,1,4,16,0.7096774193548387,0.6931818181818181,0.5833333333333334,0.6363636363636364,0.75,0.6086956521739131,0.3795248015085807,0.7261363636363636,0.2368824547944969
xgb,False,1,4,16,0.6774193548387096,0.6375,0.55,0.5,0.775,0.5238095238095238,0.28147147364553743,0.7306818181818182,0.23136606812477112
lgbm,False,1,4,16,0.6774193548387096,0.6477272727272727,0.5454545454545454,0.5454545454545454,0.75,0.5454545454545454,0.29545454545454547,0.725,0.27047863467539696
stacking,False,1,4,16,0.7096774193548387,0.7136363636363636,0.5714285714285714,0.7272727272727273,0.7,0.64,0.4107977295910088,0.775,0.20910628329273565
lr,True,1,4,15,0.6935483870967742,0.6909090909090909,0.5555555555555556,0.6818181818181818,0.7,0.6122448979591837,0.3684529491774706,0.7875000000000001,0.20611944604833313
svm,True,1,4,15,0.6935483870967742,0.6909090909090909,0.5555555555555556,0.6818181818181818,0.7,0.6122448979591837,0.3684529491774706,0.7602272727272728,0.19352163394129154
knn,True,1,4,15,0.6451612903225806,0.6125,0.5,0.5,0.725,0.5,0.225,0.7318181818181817,0.20770947048575333
nb,True,1,4,15,0.7419354838709677,0.7284090909090909,0.625,0.6818181818181818,0.775,0.6521739130434783,0.4487322653130866,0.7465909090909092,0.25201687345680523
dt,True,1,4,15,0.7419354838709677,0.759090909090909,0.6,0.8181818181818182,0.7,0.6923076923076923,0.49612131947373883,0.7613636363636365,0.2133913166676652
rf,True,1,4,15,0.7096774193548387,0.7034090909090909,0.5769230769230769,0.6818181818181818,0.725,0.625,0.39446072282200906,0.7511363636363637,0.21072778902847317
et,True,1,4,15,0.6935483870967742,0.6806818181818182,0.56,0.6363636363636364,0.725,0.5957446808510638,0.3524641233245708,0.7568181818181818,0.20109456717784943
gb,True,1,4,15,0.7096774193548387,0.6931818181818181,0.5833333333333334,0.6363636363636364,0.75,0.6086956521739131,0.3795248015085807,0.7306818181818182,0.23313155356038648
xgb,True,1,4,15,0.6935483870967742,0.65,0.5789473684210527,0.5,0.8,0.5365853658536586,0.3113519302651007,0.7272727272727273,0.22906289994716644
lgbm,True,1,4,15,0.6935483870967742,0.6602272727272727,0.5714285714285714,0.5454545454545454,0.775,0.5581395348837209,0.32397104482355693,0.7204545454545455,0.26920820764069875
stacking,True,1,4,15,0.7096774193548387,0.7136363636363636,0.5714285714285714,0.7272727272727273,0.7,0.64,0.4107977295910088,0.775,0.20800681353142014
lr_own_rfecv,True,1,4,9,0.7096774193548387,0.7136363636363636,0.5714285714285714,0.7272727272727273,0.7,0.64,0.4107977295910088,0.7818181818181817,0.20636110357354395
lr,False,1,5,16,0.819672131147541,0.8172619047619047,0.7083333333333334,0.8095238095238095,0.825,0.7555555555555555,0.6171362867974921,0.8976190476190476,0.13291937900516357
svm,False,1,5,16,0.8360655737704918,0.7958333333333334,0.8235294117647058,0.6666666666666666,0.925,0.7368421052631579,0.6269976986257576,0.9107142857142857,0.11681899453750494
knn,False,1,5,16,0.819672131147541,0.7946428571428572,0.75,0.7142857142857143,0.875,0.7317073170731707,0.5964288322309513,0.905952380952381,0.11962709210157334
nb,False,1,5,16,0.8032786885245902,0.7595238095238095,0.7647058823529411,0.6190476190476191,0.9,0.6842105263157895,0.5500422466817512,0.8517857142857143,0.1821454375409065
dt,False,1,5,16,0.7868852459016393,0.8035714285714286,0.6428571428571429,0.8571428571428571,0.75,0.7346938775510204,0.5788880006133953,0.8660714285714286,0.1465569996784628
rf,False,1,5,16,0.819672131147541,0.805952380952381,0.7272727272727273,0.7619047619047619,0.85,0.7441860465116279,0.6054521587807881,0.9107142857142856,0.11760108177386012
et,False,1,5,16,0.8360655737704918,0.8184523809523809,0.7619047619047619,0.7619047619047619,0.875,0.7619047619047619,0.6369047619047619,0.9261904761904761,0.11300653188474383
gb,False,1,5,16,0.7704918032786885,0.7232142857142857,0.7058823529411765,0.5714285714285714,0.875,0.631578947368421,0.47308679473774473,0.8845238095238096,0.14339750308642102
xgb,False,1,5,16,0.8688524590163934,0.8321428571428571,0.8823529411764706,0.7142857142857143,0.95,0.7894736842105263,0.7039531505697642,0.9095238095238096,0.11459410190582275
lgbm,False,1,5,16,0.819672131147541,0.7946428571428572,0.75,0.7142857142857143,0.875,0.7317073170731707,0.5964288322309513,0.8976190476190476,0.132146690515846
stacking,False,1,5,16,0.7704918032786885,0.7571428571428571,0.6521739130434783,0.7142857142857143,0.8,0.6818181818181818,0.5041832198608731,0.9142857142857144,0.1298207298951035
lr,True,1,5,15,0.8032786885245902,0.7821428571428571,0.7142857142857143,0.7142857142857143,0.85,0.7142857142857143,0.5642857142857143,0.888095238095238,0.13453358854439762
svm,True,1,5,15,0.819672131147541,0.7833333333333333,0.7777777777777778,0.6666666666666666,0.9,0.717948717948718,0.5903326847848058,0.9035714285714285,0.12163028014422235
knn,True,1,5,15,0.8032786885245902,0.7821428571428571,0.7142857142857143,0.7142857142857143,0.85,0.7142857142857143,0.5642857142857143,0.9047619047619047,0.12179189281510411
nb,True,1,5,15,0.7868852459016393,0.7470238095238095,0.7222222222222222,0.6190476190476191,0.875,0.6666666666666666,0.5146808071128034,0.8458333333333333,0.18700863255368141
dt,True,1,5,15,0.7704918032786885,0.7797619047619048,0.6296296296296297,0.8095238095238095,0.75,0.7083333333333334,0.5352255958259309,0.8321428571428572,0.16291225279594643
rf,True,1,5,15,0.819672131147541,0.805952380952381,0.7272727272727273,0.7619047619047619,0.85,0.7441860465116279,0.6054521587807881,0.9083333333333334,0.1186985938962983
et,True,1,5,15,0.819672131147541,0.805952380952381,0.7272727272727273,0.7619047619047619,0.85,0.7441860465116279,0.6054521587807881,0.911904761904762,0.1184181692563943
gb,True,1,5,15,0.7704918032786885,0.7232142857142857,0.7058823529411765,0.5714285714285714,0.875,0.631578947368421,0.47308679473774473,0.8880952380952382,0.1431078743593393
xgb,True,1,5,15,0.8360655737704918,0.7958333333333334,0.8235294117647058,0.6666666666666666,0.925,0.7368421052631579,0.6269976986257576,0.9107142857142858,0.1127312108874321
lgbm,True,1,5,15,0.819672131147541,0.7946428571428572,0.75,0.7142857142857143,0.875,0.7317073170731707,0.5964288322309513,0.8976190476190476,0.132146690515846
stacking,True,1,5,15,0.7868852459016393,0.7696428571428571,0.6818181818181818,0.7142857142857143,0.825,0.6976744186046512,0.5335988870188657,0.9011904761904761,0.13183403270721125
lr_own_rfecv,True,1,5,12,0.819672131147541,0.8172619047619047,0.7083333333333334,0.8095238095238095,0.825,0.7555555555555555,0.6171362867974921,0.8988095238095237,0.1322336448345582
lr,False,1,6,16,0.7868852459016393,0.780952380952381,0.6666666666666666,0.7619047619047619,0.8,0.7111111111111111,0.5465071808037829,0.8321428571428571,0.15855555388046463
svm,False,1,6,16,0.819672131147541,0.7833333333333333,0.7777777777777778,0.6666666666666666,0.9,0.717948717948718,0.5903326847848058,0.8583333333333334,0.1457076503535754
knn,False,1,6,16,0.8032786885245902,0.7708333333333333,0.7368421052631579,0.6666666666666666,0.875,0.7,0.5557382740461251,0.8833333333333333,0.13160623834929613
nb,False,1,6,16,0.8360655737704918,0.8071428571428572,0.7894736842105263,0.7142857142857143,0.9,0.75,0.6302438448523089,0.8488095238095238,0.16230225139907714
dt,False,1,6,16,0.6721311475409836,0.6595238095238095,0.52,0.6190476190476191,0.7,0.5652173913043478,0.3082292831729182,0.7214285714285714,0.22642958233726218
rf,False,1,6,16,0.7540983606557377,0.7333333333333334,0.6363636363636364,0.6666666666666666,0.8,0.6511627906976745,0.4617456152569434,0.8547619047619047,0.1536144246366106
et,False,1,6,16,0.7540983606557377,0.7333333333333334,0.6363636363636364,0.6666666666666666,0.8,0.6511627906976745,0.4617456152569434,0.8583333333333334,0.1422753539883147
gb,False,1,6,16,0.7540983606557377,0.7107142857142856,0.6666666666666666,0.5714285714285714,0.85,0.6153846153846154,0.43902892944080096,0.8607142857142857,0.13851994400353287
xgb,False,1,6,16,0.7377049180327869,0.6982142857142857,0.631578947368421,0.5714285714285714,0.825,0.6,0.4067271324337575,0.8678571428571429,0.15215924382209778
lgbm,False,1,6,16,0.7377049180327869,0.7095238095238096,0.6190476190476191,0.6190476190476191,0.8,0.6190476190476191,0.41904761904761906,0.8273809523809524,0.20042902657647044
stacking,False,1,6,16,0.8032786885245902,0.7934523809523809,0.6956521739130435,0.7619047619047619,0.825,0.7272727272727273,0.5753757578504872,0.8571428571428571,0.14267857871975045
lr,True,1,6,15,0.7704918032786885,0.7571428571428571,0.6521739130434783,0.7142857142857143,0.8,0.6818181818181818,0.5041832198608731,0.8404761904761905,0.15101372194741633
svm,True,1,6,15,0.8032786885245902,0.7708333333333333,0.7368421052631579,0.6666666666666666,0.875,0.7,0.5557382740461251,0.8654761904761905,0.14354680492991476
knn,True,1,6,15,0.8360655737704918,0.8184523809523809,0.7619047619047619,0.7619047619047619,0.875,0.7619047619047619,0.6369047619047619,0.9047619047619048,0.12183852811879924
nb,True,1,6,15,0.8032786885245902,0.7708333333333333,0.7368421052631579,0.6666666666666666,0.875,0.7,0.5557382740461251,0.8738095238095238,0.17173446461800704
dt,True,1,6,15,0.6721311475409836,0.6595238095238095,0.52,0.6190476190476191,0.7,0.5652173913043478,0.3082292831729182,0.7214285714285714,0.22642958233726218
rf,True,1,6,15,0.7868852459016393,0.780952380952381,0.6666666666666666,0.7619047619047619,0.8,0.7111111111111111,0.5465071808037829,0.8452380952380952,0.15629596806270912
et,True,1,6,15,0.7704918032786885,0.7684523809523809,0.64,0.7619047619047619,0.775,0.6956521739130435,0.5186992787723362,0.8666666666666667,0.14357647159780498
gb,True,1,6,15,0.7540983606557377,0.7107142857142856,0.6666666666666666,0.5714285714285714,0.85,0.6153846153846154,0.43902892944080096,0.8607142857142857,0.13835389263005746
xgb,True,1,6,15,0.7377049180327869,0.6982142857142857,0.631578947368421,0.5714285714285714,0.825,0.6,0.4067271324337575,0.844047619047619,0.1556176394224167
lgbm,True,1,6,15,0.7377049180327869,0.7095238095238096,0.6190476190476191,0.6190476190476191,0.8,0.6190476190476191,0.41904761904761906,0.8273809523809524,0.20042902657647044
stacking,True,1,6,15,0.8032786885245902,0.7934523809523809,0.6956521739130435,0.7619047619047619,0.825,0.7272727272727273,0.5753757578504872,0.8642857142857143,0.14016489506662552
lr_own_rfecv,True,1,6,11,0.7704918032786885,0.7458333333333333,0.6666666666666666,0.6666666666666666,0.825,0.6666666666666666,0.49166666666666664,0.8285714285714285,0.15858702400918584
lr,False,1,7,16,0.7704918032786885,0.7684523809523809,0.64,0.7619047619047619,0.775,0.6956521739130435,0.5186992787723362,0.825,0.17120653529350263
svm,False,1,7,16,0.7213114754098361,0.6970238095238095,0.5909090909090909,0.6190476190476191,0.775,0.6046511627906976,0.38989234349502105,0.7738095238095238,0.18149438728327683
knn,False,1,7,16,0.6885245901639344,0.6607142857142857,0.5454545454545454,0.5714285714285714,0.75,0.5581395348837209,0.31803907173309875,0.7571428571428571,0.1961000085872526
nb,False,1,7,16,0.7377049180327869,0.7095238095238096,0.6190476190476191,0.6190476190476191,0.8,0.6190476190476191,0.41904761904761906,0.7916666666666667,0.20786706207630345
dt,False,1,7,16,0.7049180327868853,0.7410714285714286,0.5454545454545454,0.8571428571428571,0.625,0.6666666666666666,0.4597051769576963,0.7595238095238095,0.2072537867560862
rf,False,1,7,16,0.7540983606557377,0.7559523809523809,0.6153846153846154,0.7619047619047619,0.75,0.6808510638297872,0.49182218668705335,0.7904761904761904,0.18377029068441275
et,False,1,7,16,0.7540983606557377,0.7446428571428572,0.625,0.7142857142857143,0.775,0.6666666666666666,0.47587807481007366,0.8,0.17625845476010957
gb,False,1,7,16,0.7704918032786885,0.7684523809523809,0.64,0.7619047619047619,0.775,0.6956521739130435,0.5186992787723362,0.8392857142857142,0.15173508777440636
xgb,False,1,7,16,0.7540983606557377,0.7446428571428572,0.625,0.7142857142857143,0.775,0.6666666666666666,0.47587807481007366,0.8011904761904762,0.1709163784980774
lgbm,False,1,7,16,0.7540983606557377,0.7559523809523809,0.6153846153846154,0.7619047619047619,0.75,0.6808510638297872,0.49182218668705335,0.7928571428571428,0.19431059754885718
stacking,False,1,7,16,0.7213114754098361,0.7196428571428571,0.5769230769230769,0.7142857142857143,0.725,0.6382978723404256,0.42205206252912253,0.8035714285714286,0.18795978737884425
lr,True,1,7,14,0.7704918032786885,0.7571428571428571,0.6521739130434783,0.7142857142857143,0.8,0.6818181818181818,0.5041832198608731,0.8202380952380952,0.17159044546120936
svm,True,1,7,14,0.7377049180327869,0.7208333333333333,0.6086956521739131,0.6666666666666666,0.775,0.6363636363636364,0.4329906818712591,0.7726190476190476,0.18220381338287794
knn,True,1,7,14,0.7377049180327869,0.7208333333333333,0.6086956521739131,0.6666666666666666,0.775,0.6363636363636364,0.4329906818712591,0.7517857142857143,0.19304170134779533
nb,True,1,7,14,0.7213114754098361,0.6970238095238095,0.5909090909090909,0.6190476190476191,0.775,0.6046511627906976,0.38989234349502105,0.7916666666666666,0.2160473015431562
dt,True,1,7,14,0.7049180327868853,0.7410714285714286,0.5454545454545454,0.8571428571428571,0.625,0.6666666666666666,0.4597051769576963,0.769047619047619,0.20360777835698032
rf,True,1,7,14,0.7540983606557377,0.7559523809523809,0.6153846153846154,0.7619047619047619,0.75,0.6808510638297872,0.49182218668705335,0.8023809523809523,0.1785857766617356
et,True,1,7,14,0.7540983606557377,0.7559523809523809,0.6153846153846154,0.7619047619047619,0.75,0.6808510638297872,0.49182218668705335,0.7845238095238095,0.180793369800363
gb,True,1,7,14,0.7704918032786885,0.7684523809523809,0.64,0.7619047619047619,0.775,0.6956521739130435,0.5186992787723362,0.8380952380952381,0.15084855992029914
xgb,True,1,7,14,0.7540983606557377,0.7446428571428572,0.625,0.7142857142857143,0.775,0.6666666666666666,0.47587807481007366,0.8119047619047619,0.16745302081108093
lgbm,True,1,7,14,0.7540983606557377,0.7446428571428572,0.625,0.7142857142857143,0.775,0.6666666666666666,0.47587807481007366,0.7845238095238095,0.19574640305005933
stacking,True,1,7,14,0.7213114754098361,0.7309523809523809,0.5714285714285714,0.7619047619047619,0.7,0.6530612244897959,0.4404089102705831,0.7916666666666667,0.19003787416536055
lr_own_rfecv,True,1,7,11,0.7540983606557377,0.7559523809523809,0.6153846153846154,0.7619047619047619,0.75,0.6808510638297872,0.49182218668705335,0.8238095238095238,0.17056068826554707
lr,False,1,8,16,0.7868852459016393,0.7922619047619048,0.6538461538461539,0.8095238095238095,0.775,0.723404255319149,0.5615923108449842,0.8738095238095238,0.14849250625089125
svm,False,1,8,16,0.7868852459016393,0.7583333333333333,0.7,0.6666666666666666,0.85,0.6829268292682927,0.5229295215923896,0.8428571428571429,0.15356460095550187
knn,False,1,8,16,0.8032786885245902,0.7595238095238095,0.7647058823529411,0.6190476190476191,0.9,0.6842105263157895,0.5500422466817512,0.8273809523809524,0.15710855777739183
nb,False,1,8,16,0.7704918032786885,0.7232142857142857,0.7058823529411765,0.5714285714285714,0.875,0.631578947368421,0.47308679473774473,0.8452380952380952,0.20626019957916295
dt,False,1,8,16,0.6065573770491803,0.6095238095238096,0.4482758620689655,0.6190476190476191,0.6,0.52,0.20840310818416558,0.7107142857142857,0.2864645828782618
rf,False,1,8,16,0.7704918032786885,0.7571428571428571,0.6521739130434783,0.7142857142857143,0.8,0.6818181818181818,0.5041832198608731,0.8107142857142857,0.17077723405808726
et,False,1,8,16,0.7704918032786885,0.7458333333333333,0.6666666666666666,0.6666666666666666,0.825,0.6666666666666666,0.49166666666666664,0.8273809523809523,0.1594802919006269
gb,False,1,8,16,0.6885245901639344,0.638095238095238,0.5555555555555556,0.47619047619047616,0.8,0.5128205128205128,0.2877251740967961,0.794047619047619,0.17778914991886022
xgb,False,1,8,16,0.7377049180327869,0.6982142857142857,0.631578947368421,0.5714285714285714,0.825,0.6,0.4067271324337575,0.8011904761904761,0.17974895238876343
lgbm,False,1,8,16,0.7213114754098361,0.6857142857142857,0.6,0.5714285714285714,0.8,0.5853658536585366,0.37593090031526627,0.7726190476190476,0.21482621730023393
stacking,False,1,8,16,0.7868852459016393,0.7922619047619048,0.6538461538461539,0.8095238095238095,0.775,0.723404255319149,0.5615923108449842,0.8392857142857143,0.15744173281921
lr,True,1,8,8,0.819672131147541,0.8172619047619047,0.7083333333333334,0.8095238095238095,0.825,0.7555555555555555,0.6171362867974921,0.8571428571428572,0.1568017329306002
svm,True,1,8,8,0.7540983606557377,0.7220238095238095,0.65,0.6190476190476191,0.825,0.6341463414634146,0.44943021095382796,0.8095238095238095,0.1697270426502986
knn,True,1,8,8,0.7868852459016393,0.7583333333333333,0.7,0.6666666666666666,0.85,0.6829268292682927,0.5229295215923896,0.8178571428571428,0.16652557481848806
nb,True,1,8,8,0.7704918032786885,0.7232142857142857,0.7058823529411765,0.5714285714285714,0.875,0.631578947368421,0.47308679473774473,0.8452380952380952,0.18552469193612947
dt,True,1,8,8,0.6721311475409836,0.6934523809523809,0.5161290322580645,0.7619047619047619,0.625,0.6153846153846154,0.3677072930386541,0.7273809523809524,0.2496352842072094
rf,True,1,8,8,0.7540983606557377,0.7446428571428572,0.625,0.7142857142857143,0.775,0.6666666666666666,0.47587807481007366,0.8011904761904762,0.17915100416409813
et,True,1,8,8,0.7704918032786885,0.7571428571428571,0.6521739130434783,0.7142857142857143,0.8,0.6818181818181818,0.5041832198608731,0.8214285714285714,0.1658983709066916
gb,True,1,8,8,0.7377049180327869,0.7095238095238096,0.6190476190476191,0.6190476190476191,0.8,0.6190476190476191,0.41904761904761906,0.7964285714285715,0.17321545175874395
xgb,True,1,8,8,0.7868852459016393,0.7583333333333333,0.7,0.6666666666666666,0.85,0.6829268292682927,0.5229295215923896,0.8202380952380952,0.16276587545871735
lgbm,True,1,8,8,0.819672131147541,0.7946428571428572,0.75,0.7142857142857143,0.875,0.7317073170731707,0.5964288322309513,0.8214285714285714,0.163442882246264
stacking,True,1,8,8,0.7540983606557377,0.7559523809523809,0.6153846153846154,0.7619047619047619,0.75,0.6808510638297872,0.49182218668705335,0.8119047619047619,0.18018779194927356
lr_own_rfecv,True,1,8,13,0.7704918032786885,0.7797619047619048,0.6296296296296297,0.8095238095238095,0.75,0.7083333333333334,0.5352255958259309,0.8714285714285714,0.14893196021299862
lr,False,1,9,16,0.7868852459016393,0.780952380952381,0.6666666666666666,0.7619047619047619,0.8,0.7111111111111111,0.5465071808037829,0.861904761904762,0.15283392028482992
svm,False,1,9,16,0.7868852459016393,0.780952380952381,0.6666666666666666,0.7619047619047619,0.8,0.7111111111111111,0.5465071808037829,0.8571428571428572,0.1475485444474421
knn,False,1,9,16,0.7704918032786885,0.7458333333333333,0.6666666666666666,0.6666666666666666,0.825,0.6666666666666666,0.49166666666666664,0.8083333333333333,0.17150910791966803
nb,False,1,9,16,0.8032786885245902,0.7708333333333333,0.7368421052631579,0.6666666666666666,0.875,0.7,0.5557382740461251,0.8666666666666667,0.1702564275649405
dt,False,1,9,16,0.7704918032786885,0.8136904761904762,0.6060606060606061,0.9523809523809523,0.675,0.7407407407407407,0.5981842673005086,0.8351190476190476,0.18029254039380627
rf,False,1,9,16,0.7704918032786885,0.7797619047619048,0.6296296296296297,0.8095238095238095,0.75,0.7083333333333334,0.5352255958259309,0.8547619047619046,0.15715213354421745
et,False,1,9,16,0.7704918032786885,0.7571428571428571,0.6521739130434783,0.7142857142857143,0.8,0.6818181818181818,0.5041832198608731,0.8357142857142857,0.15879330572923103
gb,False,1,9,16,0.7213114754098361,0.7083333333333333,0.5833333333333334,0.6666666666666666,0.75,0.6222222222222222,0.40524896881636446,0.8226190476190475,0.16857117809724628
xgb,False,1,9,16,0.7377049180327869,0.7321428571428572,0.6,0.7142857142857143,0.75,0.6521739130434783,0.4485426135725302,0.8023809523809524,0.17291665077209473
lgbm,False,1,9,16,0.7213114754098361,0.7196428571428571,0.5769230769230769,0.7142857142857143,0.725,0.6382978723404256,0.42205206252912253,0.7833333333333332,0.22047092514748773
stacking,False,1,9,16,0.7540983606557377,0.7672619047619047,0.6071428571428571,0.8095238095238095,0.725,0.6938775510204082,0.5096484554419892,0.8452380952380952,0.16280084858816868
lr,True,1,9,14,0.8032786885245902,0.8047619047619048,0.68,0.8095238095238095,0.8,0.7391304347826086,0.5888559439721422,0.8595238095238095,0.156341869922671
svm,True,1,9,14,0.7868852459016393,0.780952380952381,0.6666666666666666,0.7619047619047619,0.8,0.7111111111111111,0.5465071808037829,0.8666666666666667,0.14247666585485563
knn,True,1,9,14,0.7377049180327869,0.7321428571428572,0.6,0.7142857142857143,0.75,0.6521739130434783,0.4485426135725302,0.8083333333333333,0.17515086929085086
nb,True,1,9,14,0.7868852459016393,0.7696428571428571,0.6818181818181818,0.7142857142857143,0.825,0.6976744186046512,0.5335988870188657,0.8654761904761905,0.1743322949489419
dt,True,1,9,14,0.7704918032786885,0.8136904761904762,0.6060606060606061,0.9523809523809523,0.675,0.7407407407407407,0.5981842673005086,0.8351190476190476,0.18029254039380627
rf,True,1,9,14,0.7868852459016393,0.7922619047619048,0.6538461538461539,0.8095238095238095,0.775,0.723404255319149,0.5615923108449842,0.8476190476190476,0.15854193938741293
et,True,1,9,14,0.7540983606557377,0.7446428571428572,0.625,0.7142857142857143,0.775,0.6666666666666666,0.47587807481007366,0.8404761904761905,0.16071060573124354
gb,True,1,9,14,0.7213114754098361,0.7083333333333333,0.5833333333333334,0.6666666666666666,0.75,0.6222222222222222,0.40524896881636446,0.8214285714285714,0.17104213921584344
xgb,True,1,9,14,0.7377049180327869,0.7321428571428572,0.6,0.7142857142857143,0.75,0.6521739130434783,0.4485426135725302,0.8047619047619048,0.1755540519952774
lgbm,True,1,9,14,0.7377049180327869,0.743452380952381,0.5925925925925926,0.7619047619047619,0.725,0.6666666666666666,0.46576014615490585,0.7738095238095238,0.22270552507900354
stacking,True,1,9,14,0.7540983606557377,0.7672619047619047,0.6071428571428571,0.8095238095238095,0.725,0.6938775510204082,0.5096484554419892,0.8535714285714286,0.16672859667936518
lr_own_rfecv,True,1,9,11,0.819672131147541,0.8172619047619047,0.7083333333333334,0.8095238095238095,0.825,0.7555555555555555,0.6171362867974921,0.861904761904762,0.15033837461405392
lr,False,1,10,16,0.7213114754098361,0.6970238095238095,0.5909090909090909,0.6190476190476191,0.775,0.6046511627906976,0.38989234349502105,0.7761904761904761,0.1989599528275267
svm,False,1,10,16,0.7213114754098361,0.6630952380952381,0.625,0.47619047619047616,0.85,0.5405405405405406,0.35232598241344315,0.8023809523809523,0.17228281233159654
knn,False,1,10,16,0.7377049180327869,0.6982142857142857,0.631578947368421,0.5714285714285714,0.825,0.6,0.4067271324337575,0.7726190476190476,0.18304968803970295
nb,False,1,10,16,0.7213114754098361,0.6857142857142857,0.6,0.5714285714285714,0.8,0.5853658536585366,0.37593090031526627,0.8047619047619048,0.25772029986504225
dt,False,1,10,16,0.639344262295082,0.6345238095238095,0.48148148148148145,0.6190476190476191,0.65,0.5416666666666666,0.2573637971418306,0.680952380952381,0.2591668993847695
rf,False,1,10,16,0.6557377049180327,0.6244047619047619,0.5,0.5238095238095238,0.725,0.5116279069767442,0.24618579997117646,0.763095238095238,0.19076822699802107
et,False,1,10,16,0.7049180327868853,0.6845238095238095,0.5652173913043478,0.6190476190476191,0.75,0.5909090909090909,0.3617981438816451,0.7761904761904762,0.18245745295547786
gb,False,1,10,16,0.6721311475409836,0.6142857142857143,0.5294117647058824,0.42857142857142855,0.8,0.47368421052631576,0.24222043890572528,0.7654761904761904,0.19642935723875035
xgb,False,1,10,16,0.6557377049180327,0.6130952380952381,0.5,0.47619047619047616,0.75,0.4878048780487805,0.22893227903814292,0.75,0.21432432532310486
lgbm,False,1,10,16,0.6229508196721312,0.5767857142857142,0.45,0.42857142857142855,0.725,0.43902439024390244,0.15543296839958126,0.7059523809523809,0.2825356975957987
stacking,False,1,10,16,0.6885245901639344,0.6833333333333333,0.5384615384615384,0.6666666666666666,0.7,0.5957446808510638,0.3522819383711917,0.8,0.18702945848531805
lr,True,1,10,8,0.6885245901639344,0.6607142857142857,0.5454545454545454,0.5714285714285714,0.75,0.5581395348837209,0.31803907173309875,0.7666666666666667,0.19917215214303008
svm,True,1,10,8,0.6885245901639344,0.6494047619047619,0.55,0.5238095238095238,0.775,0.5365853658536586,0.3024315896767046,0.7869047619047619,0.1817449139230899
knn,True,1,10,8,0.6721311475409836,0.6255952380952381,0.5263157894736842,0.47619047619047616,0.775,0.5,0.2577159908213899,0.7107142857142857,0.2046270575226526
nb,True,1,10,8,0.6885245901639344,0.6607142857142857,0.5454545454545454,0.5714285714285714,0.75,0.5581395348837209,0.31803907173309875,0.7976190476190477,0.2521533102118806
dt,True,1,10,8,0.6721311475409836,0.6482142857142856,0.5217391304347826,0.5714285714285714,0.725,0.5454545454545454,0.29060560589203105,0.6476190476190476,0.25709403041240686
rf,True,1,10,8,0.6885245901639344,0.6494047619047619,0.55,0.5238095238095238,0.775,0.5365853658536586,0.3024315896767046,0.7583333333333333,0.19219525976907323
et,True,1,10,8,0.6721311475409836,0.6595238095238095,0.52,0.6190476190476191,0.7,0.5652173913043478,0.3082292831729182,0.7654761904761905,0.18912764755255487
gb,True,1,10,8,0.6721311475409836,0.6142857142857143,0.5294117647058824,0.42857142857142855,0.8,0.47368421052631576,0.24222043890572528,0.7749999999999999,0.2038199821657485
xgb,True,1,10,8,0.6885245901639344,0.638095238095238,0.5555555555555556,0.47619047619047616,0.8,0.5128205128205128,0.2877251740967961,0.738095238095238,0.21336662769317627
lgbm,True,1,10,8,0.7049180327868853,0.661904761904762,0.5789473684210527,0.5238095238095238,0.8,0.55,0.3322215616275737,0.6988095238095238,0.25185712403423816
stacking,True,1,10,8,0.6721311475409836,0.6595238095238095,0.52,0.6190476190476191,0.7,0.5652173913043478,0.3082292831729182,0.7726190476190476,0.19910561197036658
lr_own_rfecv,True,1,10,10,0.7049180327868853,0.6845238095238095,0.5652173913043478,0.6190476190476191,0.75,0.5909090909090909,0.3617981438816451,0.7726190476190476,0.1971645648062074
lr,False,2,1,16,0.7741935483870968,0.7534090909090909,0.6818181818181818,0.6818181818181818,0.825,0.6818181818181818,0.5068181818181818,0.8227272727272726,0.16282465707445104
svm,False,2,1,16,0.7580645161290323,0.7306818181818182,0.6666666666666666,0.6363636363636364,0.825,0.6511627906976745,0.46642639786653944,0.8250000000000001,0.16829313738315138
knn,False,2,1,16,0.7258064516129032,0.6852272727272727,0.631578947368421,0.5454545454545454,0.825,0.5853658536585366,0.38447245934251073,0.7727272727272728,0.18602810356754368
nb,False,2,1,16,0.7903225806451613,0.7556818181818181,0.7368421052631579,0.6363636363636364,0.875,0.6829268292682927,0.5307135174973308,0.7897727272727273,0.20532310342603863
dt,False,2,1,16,0.7419354838709677,0.7284090909090909,0.625,0.6818181818181818,0.775,0.6521739130434783,0.4487322653130866,0.7659090909090909,0.1986241408625402
rf,False,2,1,16,0.7258064516129032,0.6954545454545455,0.6190476190476191,0.5909090909090909,0.8,0.6046511627906976,0.3951987213450482,0.8113636363636363,0.16779324233613033
et,False,2,1,16,0.7258064516129032,0.6954545454545455,0.6190476190476191,0.5909090909090909,0.8,0.6046511627906976,0.3951987213450482,0.8034090909090909,0.17005765348807092
gb,False,2,1,16,0.7419354838709677,0.6977272727272728,0.6666666666666666,0.5454545454545454,0.85,0.6,0.41684569156765,0.7994318181818181,0.17225063861288398
xgb,False,2,1,16,0.7580645161290323,0.7102272727272727,0.7058823529411765,0.5454545454545454,0.875,0.6153846153846154,0.45095132821173056,0.8113636363636364,0.17078764736652374
lgbm,False,2,1,16,0.7419354838709677,0.7079545454545455,0.65,0.5909090909090909,0.825,0.6190476190476191,0.4256965262573004,0.7988636363636363,0.20165645701051813
stacking,False,2,1,16,0.7419354838709677,0.7284090909090909,0.625,0.6818181818181818,0.775,0.6521739130434783,0.4487322653130866,0.8125,0.16822121394065498
lr,True,2,1,7,0.8064516129032258,0.7886363636363636,0.7272727272727273,0.7272727272727273,0.85,0.7272727272727273,0.5772727272727273,0.8306818181818182,0.1559496699268063
svm,True,2,1,7,0.8064516129032258,0.7784090909090908,0.75,0.6818181818181818,0.875,0.7142857142857143,0.5699215788690635,0.8011363636363636,0.15946784254054028
knn,True,2,1,7,0.7741935483870968,0.7329545454545454,0.7222222222222222,0.5909090909090909,0.875,0.65,0.4911113032837256,0.821590909090909,0.15642805478103342
nb,True,2,1,7,0.8225806451612904,0.7806818181818183,0.8235294117647058,0.6363636363636364,0.925,0.717948717948718,0.6020809625313376,0.8147727272727273,0.17181675848520594
dt,True,2,1,7,0.7580645161290323,0.7511363636363637,0.64,0.7272727272727273,0.775,0.6808510638297872,0.4899029638662273,0.7534090909090909,0.2014284366176538
rf,True,2,1,7,0.7258064516129032,0.7056818181818182,0.6086956521739131,0.6363636363636364,0.775,0.6222222222222222,0.40744689535534767,0.8125,0.1653537007533051
et,True,2,1,7,0.7258064516129032,0.6954545454545455,0.6190476190476191,0.5909090909090909,0.8,0.6046511627906976,0.3951987213450482,0.8204545454545455,0.16427808993774767
gb,True,2,1,7,0.7741935483870968,0.7227272727272727,0.75,0.5454545454545454,0.9,0.631578947368421,0.4870861981486208,0.8301136363636363,0.15370915570997062
xgb,True,2,1,7,0.7903225806451613,0.7454545454545455,0.7647058823529411,0.5909090909090909,0.9,0.6666666666666666,0.526516145371534,0.8102272727272727,0.1613018661737442
lgbm,True,2,1,7,0.7903225806451613,0.7556818181818181,0.7368421052631579,0.6363636363636364,0.875,0.6829268292682927,0.5307135174973308,0.7772727272727272,0.18730861899990828
stacking,True,2,1,7,0.7419354838709677,0.7284090909090909,0.625,0.6818181818181818,0.775,0.6521739130434783,0.4487322653130866,0.8295454545454545,0.15946635514530438
lr_own_rfecv,True,2,1,10,0.7580645161290323,0.740909090909091,0.6521739130434783,0.6818181818181818,0.8,0.6666666666666666,0.47723061776427467,0.8204545454545454,0.16327130575624538
lr,False,2,2,16,0.6774193548387096,0.7090909090909091,0.5294117647058824,0.8181818181818182,0.6,0.6428571428571429,0.4020573523656682,0.8238636363636364,0.19683812276826873
svm,False,2,2,16,0.6774193548387096,0.678409090909091,0.5357142857142857,0.6818181818181818,0.675,0.6,0.34305980609461906,0.8181818181818181,0.17595603343223337
knn,False,2,2,16,0.7258064516129032,0.6954545454545455,0.6190476190476191,0.5909090909090909,0.8,0.6046511627906976,0.3951987213450482,0.8102272727272728,0.17087767972564719
nb,False,2,2,16,0.7580645161290323,0.7511363636363637,0.64,0.7272727272727273,0.775,0.6808510638297872,0.4899029638662273,0.8204545454545454,0.23135440333117602
dt,False,2,2,16,0.6935483870967742,0.7113636363636364,0.5483870967741935,0.7727272727272727,0.65,0.6415094339622641,0.40451991747794525,0.7732954545454545,0.22299383553675522
rf,False,2,2,16,0.7096774193548387,0.7238636363636364,0.5666666666666667,0.7727272727272727,0.675,0.6538461538461539,0.4286662277909059,0.8443181818181817,0.1729988113916116
et,False,2,2,16,0.6935483870967742,0.7011363636363637,0.5517241379310345,0.7272727272727273,0.675,0.6274509803921569,0.3857500198314227,0.8374999999999999,0.17428740991308253
gb,False,2,2,16,0.6935483870967742,0.6806818181818182,0.56,0.6363636363636364,0.725,0.5957446808510638,0.3524641233245708,0.8352272727272728,0.1705177723705406
xgb,False,2,2,16,0.6935483870967742,0.6806818181818182,0.56,0.6363636363636364,0.725,0.5957446808510638,0.3524641233245708,0.8056818181818182,0.1822112500667572
lgbm,False,2,2,16,0.6451612903225806,0.6534090909090908,0.5,0.6818181818181818,0.625,0.5769230769230769,0.2937560444252401,0.7818181818181819,0.2395146575298778
stacking,False,2,2,16,0.6774193548387096,0.6988636363636364,0.53125,0.7727272727272727,0.625,0.6296296296296297,0.380794872403089,0.8500000000000001,0.18685237147260395
lr,True,2,2,12,0.6451612903225806,0.6738636363636363,0.5,0.7727272727272727,0.575,0.6071428571428571,0.33431942886927846,0.8295454545454546,0.1909415242587968
svm,True,2,2,12,0.6935483870967742,0.7011363636363637,0.5517241379310345,0.7272727272727273,0.675,0.6274509803921569,0.3857500198314227,0.8295454545454546,0.16850425313881687
knn,True,2,2,12,0.7096774193548387,0.6931818181818181,0.5833333333333334,0.6363636363636364,0.75,0.6086956521739131,0.3795248015085807,0.8170454545454545,0.16722393820663936
nb,True,2,2,12,0.7419354838709677,0.7488636363636363,0.6071428571428571,0.7727272727272727,0.725,0.68,0.47853565308739854,0.8170454545454546,0.23908881251355985
dt,True,2,2,12,0.6774193548387096,0.6988636363636364,0.53125,0.7727272727272727,0.625,0.6296296296296297,0.380794872403089,0.7653409090909091,0.2291153233536237
rf,True,2,2,12,0.6935483870967742,0.7113636363636364,0.5483870967741935,0.7727272727272727,0.65,0.6415094339622641,0.40451991747794525,0.8454545454545455,0.17686071898048475
et,True,2,2,12,0.6935483870967742,0.7113636363636364,0.5483870967741935,0.7727272727272727,0.65,0.6415094339622641,0.40451991747794525,0.8443181818181819,0.1705508200289159
gb,True,2,2,12,0.7580645161290323,0.7613636363636364,0.6296296296296297,0.7727272727272727,0.75,0.6938775510204082,0.5044296328024895,0.8386363636363636,0.176056785816098
xgb,True,2,2,12,0.7258064516129032,0.7261363636363636,0.5925925925925926,0.7272727272727273,0.725,0.6530612244897959,0.4364412909899801,0.8238636363636362,0.1749170571565628
lgbm,True,2,2,12,0.6774193548387096,0.6886363636363637,0.5333333333333333,0.7272727272727273,0.65,0.6153846153846154,0.36121113610807304,0.7897727272727273,0.22541530395834294
stacking,True,2,2,12,0.6774193548387096,0.6988636363636364,0.53125,0.7727272727272727,0.625,0.6296296296296297,0.380794872403089,0.853409090909091,0.18601322325295122
lr_own_rfecv,True,2,2,11,0.6935483870967742,0.7215909090909092,0.5454545454545454,0.8181818181818182,0.625,0.6545454545454545,0.4249788354074996,0.8284090909090909,0.19292776415601778
lr,False,2,3,16,0.7741935483870968,0.7431818181818182,0.7,0.6363636363636364,0.85,0.6666666666666666,0.4978090525631819,0.8659090909090909,0.14381298636477935
svm,False,2,3,16,0.8225806451612904,0.7704545454545455,0.8666666666666667,0.5909090909090909,0.95,0.7027027027027027,0.6043256921816405,0.8477272727272727,0.14373550406454597
knn,False,2,3,16,0.7903225806451613,0.7352272727272727,0.8,0.5454545454545454,0.925,0.6486486486486487,0.5256110011831915,0.802840909090909,0.16300604523325776
nb,False,2,3,16,0.7741935483870968,0.7329545454545454,0.7222222222222222,0.5909090909090909,0.875,0.65,0.4911113032837256,0.8295454545454546,0.21729161168688108
dt,False,2,3,16,0.6612903225806451,0.6761363636363636,0.5161290322580645,0.7272727272727273,0.625,0.6037735849056604,0.3370999312316211,0.7261363636363636,0.2297826048112009
rf,False,2,3,16,0.8225806451612904,0.7806818181818183,0.8235294117647058,0.6363636363636364,0.925,0.717948717948718,0.6020809625313376,0.8318181818181818,0.14883321262464067
et,False,2,3,16,0.8064516129032258,0.7579545454545455,0.8125,0.5909090909090909,0.925,0.6842105263157895,0.5641253417333517,0.8363636363636364,0.14810646769349756
gb,False,2,3,16,0.7903225806451613,0.7352272727272727,0.8,0.5454545454545454,0.925,0.6486486486486487,0.5256110011831915,0.8647727272727272,0.1472642042096787
xgb,False,2,3,16,0.7741935483870968,0.7125,0.7857142857142857,0.5,0.925,0.6111111111111112,0.4863463149806299,0.8465909090909092,0.15876829624176025
lgbm,False,2,3,16,0.7741935483870968,0.7329545454545454,0.7222222222222222,0.5909090909090909,0.875,0.65,0.4911113032837256,0.8295454545454546,0.17098201032437546
stacking,False,2,3,16,0.7903225806451613,0.7556818181818181,0.7368421052631579,0.6363636363636364,0.875,0.6829268292682927,0.5307135174973308,0.8613636363636363,0.14404468644805213
lr,True,2,3,14,0.7741935483870968,0.7431818181818182,0.7,0.6363636363636364,0.85,0.6666666666666666,0.4978090525631819,0.8625,0.14699339857700683
svm,True,2,3,14,0.7903225806451613,0.7454545454545455,0.7647058823529411,0.5909090909090909,0.9,0.6666666666666666,0.526516145371534,0.8340909090909091,0.14959660027484492
knn,True,2,3,14,0.7580645161290323,0.7,0.7333333333333333,0.5,0.9,0.5945945945945946,0.44689631018474246,0.7931818181818182,0.16814327213874125
nb,True,2,3,14,0.7580645161290323,0.7204545454545455,0.6842105263157895,0.5909090909090909,0.85,0.6341463414634146,0.4575929884199208,0.8295454545454546,0.2231520418127817
dt,True,2,3,14,0.6774193548387096,0.6886363636363637,0.5333333333333333,0.7272727272727273,0.65,0.6153846153846154,0.36121113610807304,0.7301136363636362,0.22202339042837924
rf,True,2,3,14,0.8387096774193549,0.803409090909091,0.8333333333333334,0.6818181818181818,0.925,0.75,0.6396425267158767,0.8329545454545454,0.15099859884876723
et,True,2,3,14,0.7903225806451613,0.7454545454545455,0.7647058823529411,0.5909090909090909,0.9,0.6666666666666666,0.526516145371534,0.8363636363636364,0.1509032923125955
gb,True,2,3,14,0.8064516129032258,0.7579545454545455,0.8125,0.5909090909090909,0.925,0.6842105263157895,0.5641253417333517,0.8636363636363636,0.14746503590541732
xgb,True,2,3,14,0.7580645161290323,0.6897727272727273,0.7692307692307693,0.45454545454545453,0.925,0.5714285714285714,0.44610327808974953,0.8556818181818182,0.15751579403877258
lgbm,True,2,3,14,0.7741935483870968,0.7227272727272727,0.75,0.5454545454545454,0.9,0.631578947368421,0.4870861981486208,0.8090909090909091,0.18112386912031203
stacking,True,2,3,14,0.7741935483870968,0.7534090909090909,0.6818181818181818,0.6818181818181818,0.825,0.6818181818181818,0.5068181818181818,0.8545454545454546,0.14643131205079402
lr_own_rfecv,True,2,3,7,0.7580645161290323,0.7204545454545455,0.6842105263157895,0.5909090909090909,0.85,0.6341463414634146,0.4575929884199208,0.8602272727272727,0.150570835235479
lr,False,2,4,16,0.7741935483870968,0.7943181818181818,0.6333333333333333,0.8636363636363636,0.725,0.7307692307692307,0.5635764111565718,0.8363636363636364,0.17583497132526857
svm,False,2,4,16,0.7580645161290323,0.7511363636363637,0.64,0.7272727272727273,0.775,0.6808510638297872,0.4899029638662273,0.8522727272727273,0.14994733685094502
knn,False,2,4,16,0.6935483870967742,0.7113636363636364,0.5483870967741935,0.7727272727272727,0.65,0.6415094339622641,0.40451991747794525,0.8363636363636364,0.1558184478713164
nb,False,2,4,16,0.7741935483870968,0.7636363636363637,0.6666666666666666,0.7272727272727273,0.8,0.6956521739130435,0.5179397291175925,0.8113636363636363,0.22473547036175848
dt,False,2,4,16,0.6774193548387096,0.7193181818181817,0.5277777777777778,0.8636363636363636,0.575,0.6551724137931034,0.42531239946730587,0.7710227272727272,0.22445048285700595
rf,False,2,4,16,0.7096774193548387,0.7443181818181819,0.5588235294117647,0.8636363636363636,0.625,0.6785714285714286,0.46979527586205794,0.8352272727272728,0.17045633580832772
et,False,2,4,16,0.7419354838709677,0.7693181818181818,0.59375,0.8636363636363636,0.675,0.7037037037037037,0.5157050557687548,0.8443181818181819,0.16017104522874515
gb,False,2,4,16,0.7580645161290323,0.7306818181818182,0.6666666666666666,0.6363636363636364,0.825,0.6511627906976745,0.46642639786653944,0.8386363636363636,0.158138085566069
xgb,False,2,4,16,0.6774193548387096,0.6579545454545455,0.5416666666666666,0.5909090909090909,0.725,0.5652173913043478,0.3103173377040748,0.8125,0.18625441193580627
lgbm,False,2,4,16,0.7258064516129032,0.7261363636363636,0.5925925925925926,0.7272727272727273,0.725,0.6530612244897959,0.4364412909899801,0.8159090909090909,0.20571362876682392
stacking,False,2,4,16,0.7419354838709677,0.7795454545454545,0.5882352941176471,0.9090909090909091,0.65,0.7142857142857143,0.5375331993584477,0.8511363636363637,0.17273001437995703
lr,True,2,4,8,0.7258064516129032,0.7261363636363636,0.5925925925925926,0.7272727272727273,0.725,0.6530612244897959,0.4364412909899801,0.8159090909090909,0.18334529853333797
svm,True,2,4,8,0.7258064516129032,0.7056818181818182,0.6086956521739131,0.6363636363636364,0.775,0.6222222222222222,0.40744689535534767,0.8363636363636363,0.15903759843987367
knn,True,2,4,8,0.7580645161290323,0.7511363636363637,0.64,0.7272727272727273,0.775,0.6808510638297872,0.4899029638662273,0.8113636363636363,0.17341895165725946
nb,True,2,4,8,0.7741935483870968,0.7534090909090909,0.6818181818181818,0.6818181818181818,0.825,0.6818181818181818,0.5068181818181818,0.7982954545454546,0.21793763341397238
dt,True,2,4,8,0.7096774193548387,0.7545454545454545,0.5555555555555556,0.9090909090909091,0.6,0.6896551724137931,0.49362682632474875,0.8289772727272726,0.1885755085639817
rf,True,2,4,8,0.7096774193548387,0.7238636363636364,0.5666666666666667,0.7727272727272727,0.675,0.6538461538461539,0.4286662277909059,0.8306818181818182,0.17367557926890392
et,True,2,4,8,0.7419354838709677,0.7693181818181818,0.59375,0.8636363636363636,0.675,0.7037037037037037,0.5157050557687548,0.8227272727272728,0.17477171541956388
gb,True,2,4,8,0.7096774193548387,0.7034090909090909,0.5769230769230769,0.6818181818181818,0.725,0.625,0.39446072282200906,0.8397727272727273,0.1561832225572451
xgb,True,2,4,8,0.6774193548387096,0.678409090909091,0.5357142857142857,0.6818181818181818,0.675,0.6,0.34305980609461906,0.7954545454545454,0.19181202352046967
lgbm,True,2,4,8,0.6612903225806451,0.6659090909090909,0.5172413793103449,0.6818181818181818,0.65,0.5882352941176471,0.31818928189484585,0.7818181818181819,0.22733103536777963
stacking,True,2,4,8,0.7258064516129032,0.7568181818181818,0.5757575757575758,0.8636363636363636,0.65,0.6909090909090909,0.49253957334407644,0.8318181818181818,0.18004134307410738
lr_own_rfecv,True,2,4,11,0.7419354838709677,0.759090909090909,0.6,0.8181818181818182,0.7,0.6923076923076923,0.49612131947373883,0.8363636363636364,0.17678319096132342
lr,False,2,5,16,0.819672131147541,0.7720238095238096,0.8125,0.6190476190476191,0.925,0.7027027027027027,0.5876385911056333,0.8976190476190475,0.133670347712649
svm,False,2,5,16,0.819672131147541,0.7720238095238096,0.8125,0.6190476190476191,0.925,0.7027027027027027,0.5876385911056333,0.9166666666666667,0.13008291280466397
knn,False,2,5,16,0.8032786885245902,0.7482142857142857,0.8,0.5714285714285714,0.925,0.6666666666666666,0.5477367323361749,0.8928571428571429,0.13963712223688296
nb,False,2,5,16,0.7868852459016393,0.713095238095238,0.8333333333333334,0.47619047619047616,0.95,0.6060606060606061,0.5093950501687059,0.913095238095238,0.18815852983683726
dt,False,2,5,16,0.7377049180327869,0.7321428571428572,0.6,0.7142857142857143,0.75,0.6521739130434783,0.4485426135725302,0.7607142857142857,0.19500637142999544
rf,False,2,5,16,0.7868852459016393,0.7470238095238095,0.7222222222222222,0.6190476190476191,0.875,0.6666666666666666,0.5146808071128034,0.8916666666666666,0.1301891710894274
et,False,2,5,16,0.7868852459016393,0.7357142857142858,0.75,0.5714285714285714,0.9,0.6486486486486487,0.5092010548749033,0.8857142857142857,0.13361164544401297
gb,False,2,5,16,0.7213114754098361,0.6517857142857143,0.6428571428571429,0.42857142857142855,0.875,0.5142857142857142,0.3429948431686623,0.8726190476190476,0.14934508928381185
xgb,False,2,5,16,0.7540983606557377,0.6994047619047619,0.6875,0.5238095238095238,0.875,0.5945945945945946,0.4307635186441732,0.8595238095238095,0.16203714907169342
lgbm,False,2,5,16,0.7540983606557377,0.6994047619047619,0.6875,0.5238095238095238,0.875,0.5945945945945946,0.4307635186441732,0.844047619047619,0.18421964069803576
stacking,False,2,5,16,0.819672131147541,0.7833333333333333,0.7777777777777778,0.6666666666666666,0.9,0.717948717948718,0.5903326847848058,0.9130952380952381,0.1308910375256429
lr,True,2,5,8,0.819672131147541,0.7720238095238096,0.8125,0.6190476190476191,0.925,0.7027027027027027,0.5876385911056333,0.8952380952380952,0.13655565198826908
svm,True,2,5,8,0.7868852459016393,0.7357142857142858,0.75,0.5714285714285714,0.9,0.6486486486486487,0.5092010548749033,0.9071428571428573,0.14003401637479335
knn,True,2,5,8,0.7540983606557377,0.6994047619047619,0.6875,0.5238095238095238,0.875,0.5945945945945946,0.4307635186441732,0.8571428571428572,0.1484370097123487
nb,True,2,5,8,0.8032786885245902,0.7482142857142857,0.8,0.5714285714285714,0.925,0.6666666666666666,0.5477367323361749,0.9071428571428573,0.17556396189221213
dt,True,2,5,8,0.7213114754098361,0.6970238095238095,0.5909090909090909,0.6190476190476191,0.775,0.6046511627906976,0.38989234349502105,0.7863095238095239,0.19372955996013172
rf,True,2,5,8,0.7704918032786885,0.7232142857142857,0.7058823529411765,0.5714285714285714,0.875,0.631578947368421,0.47308679473774473,0.8809523809523809,0.13463747324735736
et,True,2,5,8,0.7704918032786885,0.7232142857142857,0.7058823529411765,0.5714285714285714,0.875,0.631578947368421,0.47308679473774473,0.8928571428571428,0.1344292750720748
gb,True,2,5,8,0.7377049180327869,0.6642857142857143,0.6923076923076923,0.42857142857142855,0.9,0.5294117647058824,0.38122128787578263,0.8535714285714286,0.15116655768359763
xgb,True,2,5,8,0.7704918032786885,0.7119047619047619,0.7333333333333333,0.5238095238095238,0.9,0.6111111111111112,0.4676121743685331,0.8559523809523809,0.15139585733413696
lgbm,True,2,5,8,0.7540983606557377,0.7107142857142856,0.6666666666666666,0.5714285714285714,0.85,0.6153846153846154,0.43902892944080096,0.8166666666666667,0.18229650923723556
stacking,True,2,5,8,0.7868852459016393,0.7470238095238095,0.7222222222222222,0.6190476190476191,0.875,0.6666666666666666,0.5146808071128034,0.9047619047619048,0.13360943628963165
lr_own_rfecv,True,2,5,7,0.7704918032786885,0.7232142857142857,0.7058823529411765,0.5714285714285714,0.875,0.631578947368421,0.47308679473774473,0.8833333333333333,0.1375985490101741
lr,False,2,6,16,0.819672131147541,0.7720238095238096,0.8125,0.6190476190476191,0.925,0.7027027027027027,0.5876385911056333,0.8702380952380953,0.13842517326720052
svm,False,2,6,16,0.8032786885245902,0.7255952380952381,0.9090909090909091,0.47619047619047616,0.975,0.625,0.5575941673038335,0.9119047619047619,0.12804660091898032
knn,False,2,6,16,0.7704918032786885,0.700595238095238,0.7692307692307693,0.47619047619047616,0.925,0.5882352941176471,0.4654767174425317,0.8601190476190477,0.14165623265726585
nb,False,2,6,16,0.8032786885245902,0.7482142857142857,0.8,0.5714285714285714,0.925,0.6666666666666666,0.5477367323361749,0.8785714285714286,0.1714818027754653
dt,False,2,6,16,0.7540983606557377,0.7559523809523809,0.6153846153846154,0.7619047619047619,0.75,0.6808510638297872,0.49182218668705335,0.8119047619047619,0.17136398623471358
rf,False,2,6,16,0.7704918032786885,0.7119047619047619,0.7333333333333333,0.5238095238095238,0.9,0.6111111111111112,0.4676121743685331,0.8892857142857142,0.13526360495594042
et,False,2,6,16,0.819672131147541,0.7607142857142857,0.8571428571428571,0.5714285714285714,0.95,0.6857142857142857,0.5891440835602906,0.8952380952380952,0.1309923590370832
gb,False,2,6,16,0.8032786885245902,0.7255952380952381,0.9090909090909091,0.47619047619047616,0.975,0.625,0.5575941673038335,0.8666666666666667,0.15728657999767542
xgb,False,2,6,16,0.7868852459016393,0.724404761904762,0.7857142857142857,0.5238095238095238,0.925,0.6285714285714286,0.5070943367630811,0.8833333333333333,0.15935398638248444
lgbm,False,2,6,16,0.7868852459016393,0.724404761904762,0.7857142857142857,0.5238095238095238,0.925,0.6285714285714286,0.5070943367630811,0.8535714285714285,0.18469477113271984
stacking,False,2,6,16,0.819672131147541,0.7833333333333333,0.7777777777777778,0.6666666666666666,0.9,0.717948717948718,0.5903326847848058,0.9011904761904762,0.1304003057528347
lr,True,2,6,15,0.819672131147541,0.7720238095238096,0.8125,0.6190476190476191,0.925,0.7027027027027027,0.5876385911056333,0.8571428571428571,0.1422139924697785
svm,True,2,6,15,0.8032786885245902,0.7255952380952381,0.9090909090909091,0.47619047619047616,0.975,0.625,0.5575941673038335,0.9011904761904762,0.13210221885976203
knn,True,2,6,15,0.7540983606557377,0.6994047619047619,0.6875,0.5238095238095238,0.875,0.5945945945945946,0.4307635186441732,0.8369047619047619,0.15379602035268566
nb,True,2,6,15,0.819672131147541,0.7607142857142857,0.8571428571428571,0.5714285714285714,0.95,0.6857142857142857,0.5891440835602906,0.8666666666666667,0.17486794105965978
dt,True,2,6,15,0.7540983606557377,0.7559523809523809,0.6153846153846154,0.7619047619047619,0.75,0.6808510638297872,0.49182218668705335,0.8119047619047619,0.17136398623471358
rf,True,2,6,15,0.7868852459016393,0.7357142857142858,0.75,0.5714285714285714,0.9,0.6486486486486487,0.5092010548749033,0.8904761904761904,0.13559209990245447
et,True,2,6,15,0.819672131147541,0.7607142857142857,0.8571428571428571,0.5714285714285714,0.95,0.6857142857142857,0.5891440835602906,0.8928571428571428,0.1328246746889196
gb,True,2,6,15,0.8032786885245902,0.7255952380952381,0.9090909090909091,0.47619047619047616,0.975,0.625,0.5575941673038335,0.8690476190476191,0.15770051550151146
xgb,True,2,6,15,0.7868852459016393,0.724404761904762,0.7857142857142857,0.5238095238095238,0.925,0.6285714285714286,0.5070943367630811,0.8714285714285714,0.1669137179851532
lgbm,True,2,6,15,0.7868852459016393,0.724404761904762,0.7857142857142857,0.5238095238095238,0.925,0.6285714285714286,0.5070943367630811,0.8535714285714285,0.18469477113271984
stacking,True,2,6,15,0.8360655737704918,0.8071428571428572,0.7894736842105263,0.7142857142857143,0.9,0.75,0.6302438448523089,0.8928571428571428,0.1334421856686508
lr_own_rfecv,True,2,6,5,0.819672131147541,0.7946428571428572,0.75,0.7142857142857143,0.875,0.7317073170731707,0.5964288322309513,0.8678571428571429,0.1436408854879298
lr,False,2,7,16,0.7213114754098361,0.7422619047619048,0.5666666666666667,0.8095238095238095,0.675,0.6666666666666666,0.4604826715899453,0.7773809523809524,0.20919623329717088
svm,False,2,7,16,0.7049180327868853,0.6958333333333333,0.56,0.6666666666666666,0.725,0.6086956521739131,0.3783859483727242,0.7464285714285713,0.2043901823221135
knn,False,2,7,16,0.6557377049180327,0.6470238095238096,0.5,0.6190476190476191,0.675,0.5531914893617021,0.2825118142132609,0.7178571428571429,0.22606522476670218
nb,False,2,7,16,0.7049180327868853,0.6732142857142858,0.5714285714285714,0.5714285714285714,0.775,0.5714285714285714,0.3464285714285714,0.7607142857142857,0.26700442446909045
dt,False,2,7,16,0.5901639344262295,0.6422619047619047,0.4473684210526316,0.8095238095238095,0.475,0.576271186440678,0.2789346980248812,0.7017857142857142,0.2825876487780149
rf,False,2,7,16,0.6721311475409836,0.6934523809523809,0.5161290322580645,0.7619047619047619,0.625,0.6153846153846154,0.3677072930386541,0.7333333333333333,0.22581013273122275
et,False,2,7,16,0.6065573770491803,0.6095238095238096,0.4482758620689655,0.6190476190476191,0.6,0.52,0.20840310818416558,0.7202380952380952,0.22881018364211803
gb,False,2,7,16,0.7213114754098361,0.7196428571428571,0.5769230769230769,0.7142857142857143,0.725,0.6382978723404256,0.42205206252912253,0.7666666666666667,0.20266681520720828
xgb,False,2,7,16,0.6721311475409836,0.6821428571428572,0.5172413793103449,0.7142857142857143,0.65,0.6,0.346583429914971,0.7595238095238095,0.2171122431755066
lgbm,False,2,7,16,0.6557377049180327,0.6696428571428572,0.5,0.7142857142857143,0.625,0.5882352941176471,0.3224510108185121,0.7428571428571428,0.2717413625314659
stacking,False,2,7,16,0.6721311475409836,0.7047619047619047,0.5151515151515151,0.8095238095238095,0.6,0.6296296296296297,0.3904656317862902,0.7654761904761904,0.22092479432106496
lr,True,2,7,14,0.6721311475409836,0.6821428571428572,0.5172413793103449,0.7142857142857143,0.65,0.6,0.346583429914971,0.7714285714285714,0.2085271043857336
svm,True,2,7,14,0.6885245901639344,0.6833333333333333,0.5384615384615384,0.6666666666666666,0.7,0.5957446808510638,0.3522819383711917,0.736904761904762,0.20569821948141473
knn,True,2,7,14,0.5901639344262295,0.5744047619047619,0.4230769230769231,0.5238095238095238,0.625,0.46808510638297873,0.14297156589739923,0.7071428571428572,0.21969762729057143
nb,True,2,7,14,0.6885245901639344,0.6607142857142857,0.5454545454545454,0.5714285714285714,0.75,0.5581395348837209,0.31803907173309875,0.7738095238095237,0.2747449928058711
dt,True,2,7,14,0.5901639344262295,0.6422619047619047,0.4473684210526316,0.8095238095238095,0.475,0.576271186440678,0.2789346980248812,0.7017857142857142,0.282587648778015
rf,True,2,7,14,0.6721311475409836,0.7047619047619047,0.5151515151515151,0.8095238095238095,0.6,0.6296296296296297,0.3904656317862902,0.7523809523809524,0.21916509342325868
et,True,2,7,14,0.6721311475409836,0.6708333333333334,0.5185185185185185,0.6666666666666666,0.675,0.5833333333333334,0.3268292468128557,0.7464285714285714,0.21116762553174115
gb,True,2,7,14,0.7377049180327869,0.7321428571428572,0.6,0.7142857142857143,0.75,0.6521739130434783,0.4485426135725302,0.7761904761904762,0.19742789545040934
xgb,True,2,7,14,0.639344262295082,0.6458333333333333,0.4827586206896552,0.6666666666666666,0.625,0.56,0.2774932690495683,0.7559523809523809,0.2083958387374878
lgbm,True,2,7,14,0.6721311475409836,0.6821428571428572,0.5172413793103449,0.7142857142857143,0.65,0.6,0.346583429914971,0.7595238095238095,0.2512363027882853
stacking,True,2,7,14,0.6557377049180327,0.6696428571428572,0.5,0.7142857142857143,0.625,0.5882352941176471,0.3224510108185121,0.7642857142857142,0.21755600829295615
lr_own_rfecv,True,2,7,10,0.7213114754098361,0.7309523809523809,0.5714285714285714,0.7619047619047619,0.7,0.6530612244897959,0.4404089102705831,0.7761904761904762,0.2098349187164011
lr,False,2,8,16,0.7213114754098361,0.7535714285714286,0.5625,0.8571428571428571,0.65,0.6792452830188679,0.4824985004698616,0.8071428571428572,0.1942446342150613
svm,False,2,8,16,0.7049180327868853,0.6958333333333333,0.56,0.6666666666666666,0.725,0.6086956521739131,0.3783859483727242,0.7857142857142856,0.18276203532394125
knn,False,2,8,16,0.7049180327868853,0.6732142857142858,0.5714285714285714,0.5714285714285714,0.775,0.5714285714285714,0.3464285714285714,0.7232142857142858,0.2023520992544181
nb,False,2,8,16,0.7049180327868853,0.6732142857142858,0.5714285714285714,0.5714285714285714,0.775,0.5714285714285714,0.3464285714285714,0.7738095238095238,0.2516024586213296
dt,False,2,8,16,0.6557377049180327,0.6696428571428572,0.5,0.7142857142857143,0.625,0.5882352941176471,0.3224510108185121,0.6970238095238095,0.2558354512612361
rf,False,2,8,16,0.6557377049180327,0.6583333333333333,0.5,0.6666666666666666,0.65,0.5714285714285714,0.3019298199277709,0.7511904761904763,0.20798852782014274
et,False,2,8,16,0.6229508196721312,0.6107142857142858,0.46153846153846156,0.5714285714285714,0.65,0.5106382978723404,0.21274169005533006,0.7440476190476191,0.20532169701728584
gb,False,2,8,16,0.639344262295082,0.611904761904762,0.4782608695652174,0.5238095238095238,0.7,0.5,0.21941306790241702,0.75,0.20547464837524024
xgb,False,2,8,16,0.639344262295082,0.6345238095238095,0.48148148148148145,0.6190476190476191,0.65,0.5416666666666666,0.2573637971418306,0.736904761904762,0.21580034494400024
lgbm,False,2,8,16,0.6229508196721312,0.6333333333333333,0.4666666666666667,0.6666666666666666,0.6,0.5490196078431373,0.25343518043279545,0.7285714285714285,0.2577652683501618
stacking,False,2,8,16,0.6885245901639344,0.7172619047619048,0.53125,0.8095238095238095,0.625,0.6415094339622641,0.4134083396044589,0.7821428571428571,0.20003439063840428
lr,True,2,8,15,0.7213114754098361,0.7535714285714286,0.5625,0.8571428571428571,0.65,0.6792452830188679,0.4824985004698616,0.8154761904761906,0.19389665315311375
svm,True,2,8,15,0.7049180327868853,0.6845238095238095,0.5652173913043478,0.6190476190476191,0.75,0.5909090909090909,0.3617981438816451,0.7916666666666667,0.18260091388459593
knn,True,2,8,15,0.7049180327868853,0.6732142857142858,0.5714285714285714,0.5714285714285714,0.775,0.5714285714285714,0.3464285714285714,0.736904761904762,0.1973227524367283
nb,True,2,8,15,0.7049180327868853,0.6732142857142858,0.5714285714285714,0.5714285714285714,0.775,0.5714285714285714,0.3464285714285714,0.7702380952380953,0.24532393040840528
dt,True,2,8,15,0.6557377049180327,0.6696428571428572,0.5,0.7142857142857143,0.625,0.5882352941176471,0.3224510108185121,0.6970238095238095,0.2558354512612361
rf,True,2,8,15,0.7049180327868853,0.718452380952381,0.5517241379310345,0.7619047619047619,0.675,0.64,0.41567359078037375,0.763095238095238,0.2043971150453182
et,True,2,8,15,0.6557377049180327,0.6470238095238096,0.5,0.6190476190476191,0.675,0.5531914893617021,0.2825118142132609,0.7571428571428571,0.1986328297351607
gb,True,2,8,15,0.639344262295082,0.611904761904762,0.4782608695652174,0.5238095238095238,0.7,0.5,0.21941306790241702,0.75,0.2059449089616024
xgb,True,2,8,15,0.6885245901639344,0.6720238095238096,0.5416666666666666,0.6190476190476191,0.725,0.5777777777777777,0.3346198628226552,0.7333333333333333,0.2152073234319687
lgbm,True,2,8,15,0.6229508196721312,0.6333333333333333,0.4666666666666667,0.6666666666666666,0.6,0.5490196078431373,0.25343518043279545,0.7285714285714285,0.2577652683501618
stacking,True,2,8,15,0.6885245901639344,0.7285714285714285,0.5294117647058824,0.8571428571428571,0.6,0.6545454545454545,0.43729069956842015,0.7821428571428571,0.1989101885375338
lr_own_rfecv,True,2,8,10,0.7377049180327869,0.7660714285714285,0.5806451612903226,0.8571428571428571,0.675,0.6923076923076923,0.5057389538100874,0.8095238095238095,0.1932443211251734
lr,False,2,9,16,0.7868852459016393,0.780952380952381,0.6666666666666666,0.7619047619047619,0.8,0.7111111111111111,0.5465071808037829,0.8761904761904762,0.1405829881074383
svm,False,2,9,16,0.8688524590163934,0.843452380952381,0.8421052631578947,0.7619047619047619,0.925,0.8,0.7047494156584927,0.8916666666666666,0.12988383874691206
knn,False,2,9,16,0.8524590163934426,0.8196428571428571,0.8333333333333334,0.7142857142857143,0.925,0.7692307692307693,0.6659845624568083,0.8988095238095237,0.13118712811363836
nb,False,2,9,16,0.8360655737704918,0.7958333333333334,0.8235294117647058,0.6666666666666666,0.925,0.7368421052631579,0.6269976986257576,0.8773809523809524,0.15005995664982966
dt,False,2,9,16,0.7704918032786885,0.7684523809523809,0.64,0.7619047619047619,0.775,0.6956521739130435,0.5186992787723362,0.818452380952381,0.17099327063685765
rf,False,2,9,16,0.8360655737704918,0.8297619047619047,0.7391304347826086,0.8095238095238095,0.85,0.7727272727272727,0.6465682958401012,0.8785714285714286,0.1329488572168883
et,False,2,9,16,0.8360655737704918,0.8184523809523809,0.7619047619047619,0.7619047619047619,0.875,0.7619047619047619,0.6369047619047619,0.8809523809523809,0.12853123273632772
gb,False,2,9,16,0.8524590163934426,0.8309523809523809,0.8,0.7619047619047619,0.9,0.7804878048780488,0.669928142869513,0.8773809523809524,0.13026241927773127
xgb,False,2,9,16,0.8032786885245902,0.7708333333333333,0.7368421052631579,0.6666666666666666,0.875,0.7,0.5557382740461251,0.8630952380952381,0.13724514842033386
lgbm,False,2,9,16,0.8360655737704918,0.8071428571428572,0.7894736842105263,0.7142857142857143,0.9,0.75,0.6302438448523089,0.8619047619047618,0.14883345960530134
stacking,False,2,9,16,0.819672131147541,0.8285714285714285,0.6923076923076923,0.8571428571428571,0.8,0.7659574468085106,0.631362435002915,0.9011904761904762,0.13470685116024925
lr,True,2,9,8,0.7868852459016393,0.7696428571428571,0.6818181818181818,0.7142857142857143,0.825,0.6976744186046512,0.5335988870188657,0.8916666666666666,0.131833424507935
svm,True,2,9,8,0.8524590163934426,0.8422619047619048,0.7727272727272727,0.8095238095238095,0.875,0.7906976744186046,0.6773054305427103,0.8726190476190476,0.13399008190403994
knn,True,2,9,8,0.8032786885245902,0.7482142857142857,0.8,0.5714285714285714,0.925,0.6666666666666666,0.5477367323361749,0.8976190476190476,0.13201283422616938
nb,True,2,9,8,0.8360655737704918,0.7958333333333334,0.8235294117647058,0.6666666666666666,0.925,0.7368421052631579,0.6269976986257576,0.8785714285714286,0.14782313249010023
dt,True,2,9,8,0.7704918032786885,0.7684523809523809,0.64,0.7619047619047619,0.775,0.6956521739130435,0.5186992787723362,0.8166666666666667,0.17133787575819656
rf,True,2,9,8,0.8688524590163934,0.8547619047619048,0.8095238095238095,0.8095238095238095,0.9,0.8095238095238095,0.7095238095238096,0.8809523809523809,0.13446718959045534
et,True,2,9,8,0.8524590163934426,0.8535714285714285,0.75,0.8571428571428571,0.85,0.8,0.6877653927912014,0.8833333333333333,0.13621340769666368
gb,True,2,9,8,0.8360655737704918,0.7958333333333334,0.8235294117647058,0.6666666666666666,0.925,0.7368421052631579,0.6269976986257576,0.8738095238095238,0.13183628250616547
xgb,True,2,9,8,0.8032786885245902,0.7708333333333333,0.7368421052631579,0.6666666666666666,0.875,0.7,0.5557382740461251,0.8607142857142857,0.1416132152080536
lgbm,True,2,9,8,0.7704918032786885,0.7345238095238096,0.6842105263157895,0.6190476190476191,0.85,0.65,0.48123270323994133,0.8178571428571428,0.18422220005384857
stacking,True,2,9,8,0.8524590163934426,0.8535714285714285,0.75,0.8571428571428571,0.85,0.8,0.6877653927912014,0.9154761904761904,0.12553029721275508
lr_own_rfecv,True,2,9,13,0.7868852459016393,0.780952380952381,0.6666666666666666,0.7619047619047619,0.8,0.7111111111111111,0.5465071808037829,0.875,0.1409078602953557
lr,False,2,10,16,0.8032786885245902,0.7934523809523809,0.6956521739130435,0.7619047619047619,0.825,0.7272727272727273,0.5753757578504872,0.8797619047619047,0.1398856343325682
svm,False,2,10,16,0.8360655737704918,0.8297619047619047,0.7391304347826086,0.8095238095238095,0.85,0.7727272727272727,0.6465682958401012,0.8666666666666667,0.1259962124178607
knn,False,2,10,16,0.8524590163934426,0.8309523809523809,0.8,0.7619047619047619,0.9,0.7804878048780488,0.669928142869513,0.8809523809523809,0.12500878480165278
nb,False,2,10,16,0.8360655737704918,0.8184523809523809,0.7619047619047619,0.7619047619047619,0.875,0.7619047619047619,0.6369047619047619,0.861904761904762,0.14686122847387553
dt,False,2,10,16,0.7540983606557377,0.7785714285714285,0.6,0.8571428571428571,0.7,0.7058823529411765,0.529498501975662,0.8291666666666668,0.17158431383762218
rf,False,2,10,16,0.8524590163934426,0.8422619047619048,0.7727272727272727,0.8095238095238095,0.875,0.7906976744186046,0.6773054305427103,0.8666666666666667,0.12728024061485047
et,False,2,10,16,0.8360655737704918,0.8297619047619047,0.7391304347826086,0.8095238095238095,0.85,0.7727272727272727,0.6465682958401012,0.888095238095238,0.12154875507462062
gb,False,2,10,16,0.8688524590163934,0.8547619047619048,0.8095238095238095,0.8095238095238095,0.9,0.8095238095238095,0.7095238095238096,0.8702380952380953,0.11867655079360688
xgb,False,2,10,16,0.8852459016393442,0.8672619047619048,0.85,0.8095238095238095,0.925,0.8292682926829268,0.7434274535080747,0.886904761904762,0.11148808151483536
lgbm,False,2,10,16,0.8688524590163934,0.8547619047619048,0.8095238095238095,0.8095238095238095,0.9,0.8095238095238095,0.7095238095238096,0.8738095238095238,0.12103752458151698
stacking,False,2,10,16,0.8360655737704918,0.8410714285714285,0.72,0.8571428571428571,0.825,0.782608695652174,0.6590126091719483,0.8690476190476191,0.14474635597272198
lr,True,2,10,7,0.8360655737704918,0.8410714285714285,0.72,0.8571428571428571,0.825,0.782608695652174,0.6590126091719483,0.8642857142857142,0.1421310509345875
svm,True,2,10,7,0.8688524590163934,0.8547619047619048,0.8095238095238095,0.8095238095238095,0.9,0.8095238095238095,0.7095238095238096,0.8833333333333333,0.12710818007718627
knn,True,2,10,7,0.8360655737704918,0.8071428571428572,0.7894736842105263,0.7142857142857143,0.9,0.75,0.6302438448523089,0.861904761904762,0.1332168652672199
nb,True,2,10,7,0.8360655737704918,0.8184523809523809,0.7619047619047619,0.7619047619047619,0.875,0.7619047619047619,0.6369047619047619,0.8654761904761904,0.13959545632954778
dt,True,2,10,7,0.7540983606557377,0.7785714285714285,0.6,0.8571428571428571,0.7,0.7058823529411765,0.529498501975662,0.8130952380952381,0.1736685213404727
rf,True,2,10,7,0.8524590163934426,0.8309523809523809,0.8,0.7619047619047619,0.9,0.7804878048780488,0.669928142869513,0.8571428571428572,0.13502385121521382
et,True,2,10,7,0.8360655737704918,0.8297619047619047,0.7391304347826086,0.8095238095238095,0.85,0.7727272727272727,0.6465682958401012,0.8773809523809523,0.13231201139083137
gb,True,2,10,7,0.8524590163934426,0.8309523809523809,0.8,0.7619047619047619,0.9,0.7804878048780488,0.669928142869513,0.8642857142857142,0.1274152476057541
xgb,True,2,10,7,0.8524590163934426,0.8309523809523809,0.8,0.7619047619047619,0.9,0.7804878048780488,0.669928142869513,0.8785714285714286,0.11677253246307373
lgbm,True,2,10,7,0.8852459016393442,0.8785714285714286,0.8181818181818182,0.8571428571428571,0.9,0.8372093023255814,0.7491587023046327,0.8702380952380953,0.11772801387439638
stacking,True,2,10,7,0.819672131147541,0.8172619047619047,0.7083333333333334,0.8095238095238095,0.825,0.7555555555555555,0.6171362867974921,0.8583333333333333,0.14186163959898462
lr_own_rfecv,True,2,10,12,0.7868852459016393,0.780952380952381,0.6666666666666666,0.7619047619047619,0.8,0.7111111111111111,0.5465071808037829,0.8797619047619047,0.14025578447479536
lr,False,3,1,16,0.7580645161290323,0.740909090909091,0.6521739130434783,0.6818181818181818,0.8,0.6666666666666666,0.47723061776427467,0.8534090909090909,0.14955847840385078
svm,False,3,1,16,0.7580645161290323,0.7102272727272727,0.7058823529411765,0.5454545454545454,0.875,0.6153846153846154,0.45095132821173056,0.8431818181818181,0.15145121002442855
knn,False,3,1,16,0.7903225806451613,0.7454545454545455,0.7647058823529411,0.5909090909090909,0.9,0.6666666666666666,0.526516145371534,0.8795454545454546,0.13296948063827144
nb,False,3,1,16,0.8225806451612904,0.7806818181818183,0.8235294117647058,0.6363636363636364,0.925,0.717948717948718,0.6020809625313376,0.8920454545454545,0.1546037090153254
dt,False,3,1,16,0.6290322580645161,0.6204545454545455,0.48148148148148145,0.5909090909090909,0.65,0.5306122448979592,0.2324762655524517,0.69375,0.2542090911023285
rf,False,3,1,16,0.6935483870967742,0.6602272727272727,0.5714285714285714,0.5454545454545454,0.775,0.5581395348837209,0.32397104482355693,0.8306818181818182,0.16501884570491876
et,False,3,1,16,0.7419354838709677,0.6977272727272728,0.6666666666666666,0.5454545454545454,0.85,0.6,0.41684569156765,0.8522727272727273,0.14334024181411023
gb,False,3,1,16,0.7096774193548387,0.6625,0.6111111111111112,0.5,0.825,0.55,0.34258007985157446,0.8022727272727272,0.19140533111640715
xgb,False,3,1,16,0.7096774193548387,0.6625,0.6111111111111112,0.5,0.825,0.55,0.34258007985157446,0.7909090909090909,0.21333882212638855
lgbm,False,3,1,16,0.6935483870967742,0.6397727272727273,0.5882352941176471,0.45454545454545453,0.825,0.5128205128205128,0.29982169389212354,0.7852272727272727,0.24509472704455637
stacking,False,3,1,16,0.7903225806451613,0.7761363636363636,0.6956521739130435,0.7272727272727273,0.825,0.7111111111111111,0.5470143401732016,0.8522727272727273,0.15377850519242928
lr,True,3,1,15,0.7903225806451613,0.7659090909090909,0.7142857142857143,0.6818181818181818,0.85,0.6976744186046512,0.5376540743880307,0.8465909090909091,0.15008053254639117
svm,True,3,1,15,0.7903225806451613,0.7454545454545455,0.7647058823529411,0.5909090909090909,0.9,0.6666666666666666,0.526516145371534,0.8511363636363636,0.15076184883472496
knn,True,3,1,15,0.8064516129032258,0.7477272727272727,0.8571428571428571,0.5454545454545454,0.95,0.6666666666666666,0.5669705704052264,0.875,0.13578781397344433
nb,True,3,1,15,0.8387096774193549,0.7931818181818182,0.875,0.6363636363636364,0.95,0.7368421052631579,0.6411644853180825,0.8943181818181818,0.15068061171565245
dt,True,3,1,15,0.6290322580645161,0.6204545454545455,0.48148148148148145,0.5909090909090909,0.65,0.5306122448979592,0.2324762655524517,0.69375,0.25420909110232853
rf,True,3,1,15,0.6774193548387096,0.6477272727272727,0.5454545454545454,0.5454545454545454,0.75,0.5454545454545454,0.29545454545454547,0.8215909090909091,0.1668006638307603
et,True,3,1,15,0.7419354838709677,0.6977272727272728,0.6666666666666666,0.5454545454545454,0.85,0.6,0.41684569156765,0.85,0.14577001893225827
gb,True,3,1,15,0.7096774193548387,0.6625,0.6111111111111112,0.5,0.825,0.55,0.34258007985157446,0.8022727272727272,0.19203024087072465
xgb,True,3,1,15,0.7096774193548387,0.6625,0.6111111111111112,0.5,0.825,0.55,0.34258007985157446,0.7840909090909092,0.21173591911792755
lgbm,True,3,1,15,0.6935483870967742,0.6397727272727273,0.5882352941176471,0.45454545454545453,0.825,0.5128205128205128,0.29982169389212354,0.7852272727272727,0.24509472704455637
stacking,True,3,1,15,0.7580645161290323,0.740909090909091,0.6521739130434783,0.6818181818181818,0.8,0.6666666666666666,0.47723061776427467,0.8443181818181819,0.15467538210346315
lr_own_rfecv,True,3,1,9,0.8225806451612904,0.8011363636363636,0.7619047619047619,0.7272727272727273,0.875,0.7441860465116279,0.6088817509095219,0.8613636363636363,0.1408863624682247
lr,False,3,2,16,0.8387096774193549,0.8238636363636364,0.7727272727272727,0.7727272727272727,0.875,0.7727272727272727,0.6477272727272727,0.8681818181818182,0.13750438566714954
svm,False,3,2,16,0.8064516129032258,0.7681818181818182,0.7777777777777778,0.6363636363636364,0.9,0.7,0.5653769149998011,0.9102272727272727,0.13172192384811682
knn,False,3,2,16,0.8225806451612904,0.7704545454545455,0.8666666666666667,0.5909090909090909,0.95,0.7027027027027027,0.6043256921816405,0.8704545454545455,0.1344577205780865
nb,False,3,2,16,0.7903225806451613,0.7556818181818181,0.7368421052631579,0.6363636363636364,0.875,0.6829268292682927,0.5307135174973308,0.884090909090909,0.1842452404436121
dt,False,3,2,16,0.8225806451612904,0.8318181818181818,0.7037037037037037,0.8636363636363636,0.8,0.7755102040816326,0.6404063164275084,0.9113636363636364,0.11958069020327503
rf,False,3,2,16,0.8064516129032258,0.7784090909090908,0.75,0.6818181818181818,0.875,0.7142857142857143,0.5699215788690635,0.8829545454545455,0.13422865499571374
et,False,3,2,16,0.8387096774193549,0.8136363636363637,0.8,0.7272727272727273,0.9,0.7619047619047619,0.642034105174945,0.8829545454545454,0.1332659694893073
gb,False,3,2,16,0.7741935483870968,0.7125,0.7857142857142857,0.5,0.925,0.6111111111111112,0.4863463149806299,0.8818181818181818,0.14610415331065874
xgb,False,3,2,16,0.7903225806451613,0.7454545454545455,0.7647058823529411,0.5909090909090909,0.9,0.6666666666666666,0.526516145371534,0.8477272727272727,0.1532055288553238
lgbm,False,3,2,16,0.7419354838709677,0.6977272727272728,0.6666666666666666,0.5454545454545454,0.85,0.6,0.41684569156765,0.8238636363636364,0.17348234222655157
stacking,False,3,2,16,0.8548387096774194,0.8465909090909092,0.782608695652174,0.8181818181818182,0.875,0.8,0.6865817849910555,0.8886363636363637,0.12957140740957457
lr,True,3,2,14,0.8225806451612904,0.8011363636363636,0.7619047619047619,0.7272727272727273,0.875,0.7441860465116279,0.6088817509095219,0.8954545454545454,0.12768883856802463
svm,True,3,2,14,0.8225806451612904,0.7806818181818183,0.8235294117647058,0.6363636363636364,0.925,0.717948717948718,0.6020809625313376,0.9136363636363637,0.12901411116467923
knn,True,3,2,14,0.8064516129032258,0.7477272727272727,0.8571428571428571,0.5454545454545454,0.95,0.6666666666666666,0.5669705704052264,0.8789772727272728,0.13651914602931184
nb,True,3,2,14,0.7580645161290323,0.7102272727272727,0.7058823529411765,0.5454545454545454,0.875,0.6153846153846154,0.45095132821173056,0.8829545454545455,0.2094899459214064
dt,True,3,2,14,0.8387096774193549,0.8443181818181817,0.7307692307692307,0.8636363636363636,0.825,0.7916666666666666,0.6677184302517807,0.8863636363636364,0.12756760235316517
rf,True,3,2,14,0.8225806451612904,0.8011363636363636,0.7619047619047619,0.7272727272727273,0.875,0.7441860465116279,0.6088817509095219,0.8704545454545455,0.13752274748958887
et,True,3,2,14,0.7903225806451613,0.7556818181818181,0.7368421052631579,0.6363636363636364,0.875,0.6829268292682927,0.5307135174973308,0.8852272727272728,0.13351239383042135
gb,True,3,2,14,0.7741935483870968,0.7125,0.7857142857142857,0.5,0.925,0.6111111111111112,0.4863463149806299,0.8875000000000001,0.14417299297731512
xgb,True,3,2,14,0.7903225806451613,0.7352272727272727,0.8,0.5454545454545454,0.925,0.6486486486486487,0.5256110011831915,0.8579545454545454,0.15050695836544037
lgbm,True,3,2,14,0.7419354838709677,0.6977272727272728,0.6666666666666666,0.5454545454545454,0.85,0.6,0.41684569156765,0.8238636363636364,0.17348234222655157
stacking,True,3,2,14,0.8548387096774194,0.8465909090909092,0.782608695652174,0.8181818181818182,0.875,0.8,0.6865817849910555,0.8988636363636364,0.12352362455016952
lr_own_rfecv,True,3,2,13,0.8387096774193549,0.8238636363636364,0.7727272727272727,0.7727272727272727,0.875,0.7727272727272727,0.6477272727272727,0.8761363636363636,0.1358516741349656
lr,False,3,3,16,0.7419354838709677,0.7488636363636363,0.6071428571428571,0.7727272727272727,0.725,0.68,0.47853565308739854,0.7784090909090909,0.1996359229766876
svm,False,3,3,16,0.7096774193548387,0.6727272727272727,0.6,0.5454545454545454,0.8,0.5714285714285714,0.3535839999514189,0.7761363636363636,0.1950463474677842
knn,False,3,3,16,0.6774193548387096,0.6272727272727273,0.5555555555555556,0.45454545454545453,0.8,0.5,0.26831446813549886,0.7806818181818183,0.18791393176705432
nb,False,3,3,16,0.7096774193548387,0.6727272727272727,0.6,0.5454545454545454,0.8,0.5714285714285714,0.3535839999514189,0.7772727272727273,0.2724238723412975
dt,False,3,3,16,0.6935483870967742,0.7011363636363637,0.5517241379310345,0.7272727272727273,0.675,0.6274509803921569,0.3857500198314227,0.6744318181818182,0.23005385521756908
rf,False,3,3,16,0.7096774193548387,0.6829545454545455,0.5909090909090909,0.5909090909090909,0.775,0.5909090909090909,0.3659090909090909,0.7886363636363636,0.18717038801958455
et,False,3,3,16,0.7096774193548387,0.6727272727272727,0.6,0.5454545454545454,0.8,0.5714285714285714,0.3535839999514189,0.8011363636363636,0.1841117976900302
gb,False,3,3,16,0.7258064516129032,0.675,0.6470588235294118,0.5,0.85,0.5641025641025641,0.37538651105192705,0.7806818181818183,0.19245858043899905
xgb,False,3,3,16,0.6612903225806451,0.6147727272727272,0.5263157894736842,0.45454545454545453,0.775,0.4878048780487805,0.2382314011876907,0.7363636363636363,0.2236839234828949
lgbm,False,3,3,16,0.6129032258064516,0.5670454545454545,0.45,0.4090909090909091,0.725,0.42857142857142855,0.13724642103377446,0.6863636363636363,0.2929055273121527
stacking,False,3,3,16,0.7419354838709677,0.7386363636363636,0.6153846153846154,0.7272727272727273,0.75,0.6666666666666666,0.46277514967945194,0.8113636363636363,0.1867623396082682
lr,True,3,3,8,0.6935483870967742,0.6909090909090909,0.5555555555555556,0.6818181818181818,0.7,0.6122448979591837,0.3684529491774706,0.7738636363636364,0.2067060607348395
svm,True,3,3,8,0.7096774193548387,0.6931818181818181,0.5833333333333334,0.6363636363636364,0.75,0.6086956521739131,0.3795248015085807,0.7681818181818182,0.19714374538329618
knn,True,3,3,8,0.7096774193548387,0.6727272727272727,0.6,0.5454545454545454,0.8,0.5714285714285714,0.3535839999514189,0.7795454545454545,0.18140696143380644
nb,True,3,3,8,0.6451612903225806,0.6022727272727273,0.5,0.45454545454545453,0.75,0.47619047619047616,0.20935894733965596,0.7738636363636364,0.27780998130017426
dt,True,3,3,8,0.6290322580645161,0.6306818181818181,0.4827586206896552,0.6363636363636364,0.625,0.5490196078431373,0.250628543958269,0.6602272727272729,0.25578935907259637
rf,True,3,3,8,0.7096774193548387,0.6829545454545455,0.5909090909090909,0.5909090909090909,0.775,0.5909090909090909,0.3659090909090909,0.7897727272727273,0.18487556924133144
et,True,3,3,8,0.6935483870967742,0.6704545454545454,0.5652173913043478,0.5909090909090909,0.75,0.5777777777777777,0.33766317294642073,0.7818181818181817,0.1863563677901603
gb,True,3,3,8,0.6774193548387096,0.6477272727272727,0.5454545454545454,0.5454545454545454,0.75,0.5454545454545454,0.29545454545454547,0.7818181818181817,0.19096296089819614
xgb,True,3,3,8,0.6451612903225806,0.6022727272727273,0.5,0.45454545454545453,0.75,0.47619047619047616,0.20935894733965596,0.7522727272727272,0.2066696584224701
lgbm,True,3,3,8,0.6935483870967742,0.6602272727272727,0.5714285714285714,0.5454545454545454,0.775,0.5581395348837209,0.32397104482355693,0.740909090909091,0.2369918770750853
stacking,True,3,3,8,0.6935483870967742,0.6909090909090909,0.5555555555555556,0.6818181818181818,0.7,0.6122448979591837,0.3684529491774706,0.7863636363636364,0.1989311616407537
lr_own_rfecv,True,3,3,12,0.7258064516129032,0.7261363636363636,0.5925925925925926,0.7272727272727273,0.725,0.6530612244897959,0.4364412909899801,0.7772727272727273,0.20050596384392605
lr,False,3,4,16,0.7741935483870968,0.7738636363636364,0.6538461538461539,0.7727272727272727,0.775,0.7083333333333334,0.5310895765368948,0.9056818181818183,0.13492416796827925
svm,False,3,4,16,0.9193548387096774,0.9170454545454545,0.8695652173913043,0.9090909090909091,0.925,0.8888888888888888,0.8261492298089094,0.9420454545454545,0.10214546134753606
knn,False,3,4,16,0.8225806451612904,0.7909090909090909,0.7894736842105263,0.6818181818181818,0.9,0.7317073170731707,0.6038340465747408,0.9045454545454545,0.12190833395409544
nb,False,3,4,16,0.8064516129032258,0.7681818181818182,0.7777777777777778,0.6363636363636364,0.9,0.7,0.5653769149998011,0.8738636363636363,0.15912508475159076
dt,False,3,4,16,0.6451612903225806,0.6943181818181818,0.5,0.8636363636363636,0.525,0.6333333333333333,0.3817573003409841,0.7875000000000001,0.22335524980345733
rf,False,3,4,16,0.8548387096774194,0.8670454545454545,0.7407407407407407,0.9090909090909091,0.825,0.8163265306122449,0.7083946582400179,0.8943181818181818,0.12873718739206194
et,False,3,4,16,0.8387096774193549,0.8545454545454545,0.7142857142857143,0.9090909090909091,0.8,0.8,0.6817494235765678,0.8931818181818182,0.13005036894859373
gb,False,3,4,16,0.7096774193548387,0.6829545454545455,0.5909090909090909,0.5909090909090909,0.775,0.5909090909090909,0.3659090909090909,0.8443181818181819,0.14721947089731824
xgb,False,3,4,16,0.8064516129032258,0.7886363636363636,0.7272727272727273,0.7272727272727273,0.85,0.7272727272727273,0.5772727272727273,0.8909090909090909,0.1295476108789444
lgbm,False,3,4,16,0.7580645161290323,0.7306818181818182,0.6666666666666666,0.6363636363636364,0.825,0.6511627906976745,0.46642639786653944,0.8829545454545455,0.15339191776531147
stacking,False,3,4,16,0.7903225806451613,0.8068181818181819,0.6551724137931034,0.8636363636363636,0.75,0.7450980392156863,0.5884322336411533,0.9113636363636364,0.1332317466174142
lr,True,3,4,14,0.7903225806451613,0.7863636363636364,0.68,0.7727272727272727,0.8,0.723404255319149,0.5586223841370556,0.8909090909090909,0.13576846219735583
svm,True,3,4,14,0.8709677419354839,0.8590909090909091,0.8181818181818182,0.8181818181818182,0.9,0.8181818181818182,0.7181818181818181,0.925,0.10956508374664138
knn,True,3,4,14,0.7903225806451613,0.7556818181818181,0.7368421052631579,0.6363636363636364,0.875,0.6829268292682927,0.5307135174973308,0.8886363636363637,0.13140988736008027
nb,True,3,4,14,0.7580645161290323,0.7204545454545455,0.6842105263157895,0.5909090909090909,0.85,0.6341463414634146,0.4575929884199208,0.8522727272727273,0.20192155176057494
dt,True,3,4,14,0.6129032258064516,0.6488636363636364,0.4722222222222222,0.7727272727272727,0.525,0.5862068965517241,0.28868354575242,0.7545454545454545,0.23708059158637484
rf,True,3,4,14,0.8548387096774194,0.8670454545454545,0.7407407407407407,0.9090909090909091,0.825,0.8163265306122449,0.7083946582400179,0.8954545454545455,0.12870535228049607
et,True,3,4,14,0.8225806451612904,0.8318181818181818,0.7037037037037037,0.8636363636363636,0.8,0.7755102040816326,0.6404063164275084,0.8943181818181818,0.12978428974572107
gb,True,3,4,14,0.7096774193548387,0.6829545454545455,0.5909090909090909,0.5909090909090909,0.775,0.5909090909090909,0.3659090909090909,0.8488636363636364,0.14634004414068147
xgb,True,3,4,14,0.8064516129032258,0.7784090909090908,0.75,0.6818181818181818,0.875,0.7142857142857143,0.5699215788690635,0.896590909090909,0.12365948408842087
lgbm,True,3,4,14,0.7580645161290323,0.7306818181818182,0.6666666666666666,0.6363636363636364,0.825,0.6511627906976745,0.46642639786653944,0.8829545454545455,0.15339191776531147
stacking,True,3,4,14,0.7741935483870968,0.7943181818181818,0.6333333333333333,0.8636363636363636,0.725,0.7307692307692307,0.5635764111565718,0.9102272727272728,0.1340172788774222
lr_own_rfecv,True,3,4,7,0.7903225806451613,0.7761363636363636,0.6956521739130435,0.7272727272727273,0.825,0.7111111111111111,0.5470143401732016,0.8818181818181818,0.1389109862140858
lr,False,3,5,16,0.7704918032786885,0.7797619047619048,0.6296296296296297,0.8095238095238095,0.75,0.7083333333333334,0.5352255958259309,0.8428571428571429,0.17103118397269884
svm,False,3,5,16,0.7540983606557377,0.7333333333333334,0.6363636363636364,0.6666666666666666,0.8,0.6511627906976745,0.4617456152569434,0.8404761904761905,0.1649345957491265
knn,False,3,5,16,0.7213114754098361,0.7083333333333333,0.5833333333333334,0.6666666666666666,0.75,0.6222222222222222,0.40524896881636446,0.8261904761904761,0.16311987326945532
nb,False,3,5,16,0.7377049180327869,0.7095238095238096,0.6190476190476191,0.6190476190476191,0.8,0.6190476190476191,0.41904761904761906,0.8178571428571428,0.23376701298959413
dt,False,3,5,16,0.6721311475409836,0.6708333333333334,0.5185185185185185,0.6666666666666666,0.675,0.5833333333333334,0.3268292468128557,0.7744047619047618,0.22075122564933922
rf,False,3,5,16,0.7377049180327869,0.743452380952381,0.5925925925925926,0.7619047619047619,0.725,0.6666666666666666,0.46576014615490585,0.8345238095238096,0.16976139608907218
et,False,3,5,16,0.7049180327868853,0.6958333333333333,0.56,0.6666666666666666,0.725,0.6086956521739131,0.3783859483727242,0.8392857142857143,0.16622129449595338
gb,False,3,5,16,0.7868852459016393,0.7583333333333333,0.7,0.6666666666666666,0.85,0.6829268292682927,0.5229295215923896,0.8095238095238095,0.15637765161000508
xgb,False,3,5,16,0.7704918032786885,0.7458333333333333,0.6666666666666666,0.6666666666666666,0.825,0.6666666666666666,0.49166666666666664,0.8357142857142857,0.1550702601671219
lgbm,False,3,5,16,0.7377049180327869,0.7321428571428572,0.6,0.7142857142857143,0.75,0.6521739130434783,0.4485426135725302,0.8071428571428572,0.19201027675903382
stacking,False,3,5,16,0.7377049180327869,0.7547619047619047,0.5862068965517241,0.8095238095238095,0.7,0.68,0.48476375164577645,0.8392857142857143,0.1774894167777278
lr,True,3,5,14,0.7540983606557377,0.7559523809523809,0.6153846153846154,0.7619047619047619,0.75,0.6808510638297872,0.49182218668705335,0.8511904761904762,0.16851800259292923
svm,True,3,5,14,0.7540983606557377,0.7333333333333334,0.6363636363636364,0.6666666666666666,0.8,0.6511627906976745,0.4617456152569434,0.8273809523809523,0.16463650788811857
knn,True,3,5,14,0.7540983606557377,0.7446428571428572,0.625,0.7142857142857143,0.775,0.6666666666666666,0.47587807481007366,0.8238095238095238,0.16185798614815672
nb,True,3,5,14,0.7049180327868853,0.6958333333333333,0.56,0.6666666666666666,0.725,0.6086956521739131,0.3783859483727242,0.819047619047619,0.2482323134538032
dt,True,3,5,14,0.6721311475409836,0.6708333333333334,0.5185185185185185,0.6666666666666666,0.675,0.5833333333333334,0.3268292468128557,0.7744047619047618,0.22075122564933916
rf,True,3,5,14,0.7213114754098361,0.7196428571428571,0.5769230769230769,0.7142857142857143,0.725,0.6382978723404256,0.42205206252912253,0.8357142857142856,0.1677159659384921
et,True,3,5,14,0.7377049180327869,0.7208333333333333,0.6086956521739131,0.6666666666666666,0.775,0.6363636363636364,0.4329906818712591,0.8321428571428572,0.16680380415339985
gb,True,3,5,14,0.7868852459016393,0.7583333333333333,0.7,0.6666666666666666,0.85,0.6829268292682927,0.5229295215923896,0.8071428571428572,0.1585871321576971
xgb,True,3,5,14,0.7704918032786885,0.7571428571428571,0.6521739130434783,0.7142857142857143,0.8,0.6818181818181818,0.5041832198608731,0.8452380952380952,0.14885012805461884
lgbm,True,3,5,14,0.7213114754098361,0.7083333333333333,0.5833333333333334,0.6666666666666666,0.75,0.6222222222222222,0.40524896881636446,0.8023809523809524,0.19897663196809678
stacking,True,3,5,14,0.7213114754098361,0.7309523809523809,0.5714285714285714,0.7619047619047619,0.7,0.6530612244897959,0.4404089102705831,0.8452380952380952,0.1739029338273623
lr_own_rfecv,True,3,5,10,0.7540983606557377,0.7672619047619047,0.6071428571428571,0.8095238095238095,0.725,0.6938775510204082,0.5096484554419892,0.8428571428571429,0.17078636548132478
lr,False,3,6,16,0.8032786885245902,0.7934523809523809,0.6956521739130435,0.7619047619047619,0.825,0.7272727272727273,0.5753757578504872,0.8726190476190476,0.1432541503125555
svm,False,3,6,16,0.819672131147541,0.7946428571428572,0.75,0.7142857142857143,0.875,0.7317073170731707,0.5964288322309513,0.8464285714285714,0.14942456944916785
knn,False,3,6,16,0.8032786885245902,0.7708333333333333,0.7368421052631579,0.6666666666666666,0.875,0.7,0.5557382740461251,0.8499999999999999,0.14124765978861584
nb,False,3,6,16,0.819672131147541,0.7720238095238096,0.8125,0.6190476190476191,0.925,0.7027027027027027,0.5876385911056333,0.844047619047619,0.1804388717640464
dt,False,3,6,16,0.7213114754098361,0.6970238095238095,0.5909090909090909,0.6190476190476191,0.775,0.6046511627906976,0.38989234349502105,0.7232142857142858,0.21836414863265127
rf,False,3,6,16,0.8032786885245902,0.7821428571428571,0.7142857142857143,0.7142857142857143,0.85,0.7142857142857143,0.5642857142857143,0.8166666666666667,0.15310814079752183
et,False,3,6,16,0.7868852459016393,0.7583333333333333,0.7,0.6666666666666666,0.85,0.6829268292682927,0.5229295215923896,0.8202380952380952,0.14939022685747771
gb,False,3,6,16,0.8524590163934426,0.8196428571428571,0.8333333333333334,0.7142857142857143,0.925,0.7692307692307693,0.6659845624568083,0.8357142857142857,0.1425715631591426
xgb,False,3,6,16,0.819672131147541,0.7946428571428572,0.75,0.7142857142857143,0.875,0.7317073170731707,0.5964288322309513,0.811904761904762,0.1536453366279602
lgbm,False,3,6,16,0.8032786885245902,0.7708333333333333,0.7368421052631579,0.6666666666666666,0.875,0.7,0.5557382740461251,0.7916666666666667,0.16668831312983404
stacking,False,3,6,16,0.8032786885245902,0.7934523809523809,0.6956521739130435,0.7619047619047619,0.825,0.7272727272727273,0.5753757578504872,0.8511904761904763,0.15037987763506327
lr,True,3,6,11,0.7704918032786885,0.7458333333333333,0.6666666666666666,0.6666666666666666,0.825,0.6666666666666666,0.49166666666666664,0.8761904761904762,0.1394869119427121
svm,True,3,6,11,0.7540983606557377,0.6994047619047619,0.6875,0.5238095238095238,0.875,0.5945945945945946,0.4307635186441732,0.8357142857142857,0.15813952494862155
knn,True,3,6,11,0.819672131147541,0.7720238095238096,0.8125,0.6190476190476191,0.925,0.7027027027027027,0.5876385911056333,0.775,0.16969642457872736
nb,True,3,6,11,0.7704918032786885,0.7345238095238096,0.6842105263157895,0.6190476190476191,0.85,0.65,0.48123270323994133,0.8452380952380952,0.1747679074253021
dt,True,3,6,11,0.6557377049180327,0.6583333333333333,0.5,0.6666666666666666,0.65,0.5714285714285714,0.3019298199277709,0.7196428571428571,0.22682995710785495
rf,True,3,6,11,0.8032786885245902,0.7821428571428571,0.7142857142857143,0.7142857142857143,0.85,0.7142857142857143,0.5642857142857143,0.8071428571428572,0.15528537944938486
et,True,3,6,11,0.7704918032786885,0.7345238095238096,0.6842105263157895,0.6190476190476191,0.85,0.65,0.48123270323994133,0.8011904761904762,0.16032185566917428
gb,True,3,6,11,0.7868852459016393,0.7357142857142858,0.75,0.5714285714285714,0.9,0.6486486486486487,0.5092010548749033,0.8273809523809524,0.14240500791600041
xgb,True,3,6,11,0.819672131147541,0.7946428571428572,0.75,0.7142857142857143,0.875,0.7317073170731707,0.5964288322309513,0.8071428571428572,0.15146037936210632
lgbm,True,3,6,11,0.7704918032786885,0.7232142857142857,0.7058823529411765,0.5714285714285714,0.875,0.631578947368421,0.47308679473774473,0.794047619047619,0.16259124713119755
stacking,True,3,6,11,0.7868852459016393,0.7583333333333333,0.7,0.6666666666666666,0.85,0.6829268292682927,0.5229295215923896,0.8357142857142856,0.15575391867251626
lr_own_rfecv,True,3,6,9,0.8032786885245902,0.7934523809523809,0.6956521739130435,0.7619047619047619,0.825,0.7272727272727273,0.5753757578504872,0.8773809523809524,0.1396032475678446
lr,False,3,7,16,0.7540983606557377,0.7559523809523809,0.6153846153846154,0.7619047619047619,0.75,0.6808510638297872,0.49182218668705335,0.844047619047619,0.1657549915719259
svm,False,3,7,16,0.7704918032786885,0.7345238095238096,0.6842105263157895,0.6190476190476191,0.85,0.65,0.48123270323994133,0.8452380952380952,0.15938006125681264
knn,False,3,7,16,0.7049180327868853,0.6732142857142858,0.5714285714285714,0.5714285714285714,0.775,0.5714285714285714,0.3464285714285714,0.8011904761904762,0.17558879887228404
nb,False,3,7,16,0.7377049180327869,0.7095238095238096,0.6190476190476191,0.6190476190476191,0.8,0.6190476190476191,0.41904761904761906,0.8226190476190476,0.2193022391068296
dt,False,3,7,16,0.7213114754098361,0.7422619047619048,0.5666666666666667,0.8095238095238095,0.675,0.6666666666666666,0.4604826715899453,0.780952380952381,0.19918640673029256
rf,False,3,7,16,0.7377049180327869,0.743452380952381,0.5925925925925926,0.7619047619047619,0.725,0.6666666666666666,0.46576014615490585,0.8428571428571427,0.1586990831975635
et,False,3,7,16,0.7704918032786885,0.7684523809523809,0.64,0.7619047619047619,0.775,0.6956521739130435,0.5186992787723362,0.8666666666666667,0.14744389591573961
gb,False,3,7,16,0.7868852459016393,0.7696428571428571,0.6818181818181818,0.7142857142857143,0.825,0.6976744186046512,0.5335988870188657,0.8809523809523809,0.1354539844388974
xgb,False,3,7,16,0.7704918032786885,0.7345238095238096,0.6842105263157895,0.6190476190476191,0.85,0.65,0.48123270323994133,0.8523809523809524,0.15435932576656342
lgbm,False,3,7,16,0.7704918032786885,0.7571428571428571,0.6521739130434783,0.7142857142857143,0.8,0.6818181818181818,0.5041832198608731,0.8285714285714285,0.18685015877514602
stacking,False,3,7,16,0.7704918032786885,0.7684523809523809,0.64,0.7619047619047619,0.775,0.6956521739130435,0.5186992787723362,0.8511904761904762,0.1586852619836125
lr,True,3,7,13,0.7540983606557377,0.7559523809523809,0.6153846153846154,0.7619047619047619,0.75,0.6808510638297872,0.49182218668705335,0.8369047619047619,0.1708853535139159
svm,True,3,7,13,0.7540983606557377,0.7107142857142856,0.6666666666666666,0.5714285714285714,0.85,0.6153846153846154,0.43902892944080096,0.8261904761904761,0.16251249759444114
knn,True,3,7,13,0.7704918032786885,0.7232142857142857,0.7058823529411765,0.5714285714285714,0.875,0.631578947368421,0.47308679473774473,0.8309523809523809,0.15604809157636101
nb,True,3,7,13,0.7540983606557377,0.7446428571428572,0.625,0.7142857142857143,0.775,0.6666666666666666,0.47587807481007366,0.842857142857143,0.2069249046890128
dt,True,3,7,13,0.7213114754098361,0.7422619047619048,0.5666666666666667,0.8095238095238095,0.675,0.6666666666666666,0.4604826715899453,0.780952380952381,0.1991864067302926
rf,True,3,7,13,0.7704918032786885,0.7910714285714285,0.6206896551724138,0.8571428571428571,0.725,0.72,0.5538539125111791,0.85,0.15621762347171342
et,True,3,7,13,0.7377049180327869,0.7321428571428572,0.6,0.7142857142857143,0.75,0.6521739130434783,0.4485426135725302,0.8523809523809524,0.15678454492956495
gb,True,3,7,13,0.8032786885245902,0.7821428571428571,0.7142857142857143,0.7142857142857143,0.85,0.7142857142857143,0.5642857142857143,0.8809523809523809,0.13483030485033032
xgb,True,3,7,13,0.8032786885245902,0.7934523809523809,0.6956521739130435,0.7619047619047619,0.825,0.7272727272727273,0.5753757578504872,0.8523809523809524,0.1545155793428421
lgbm,True,3,7,13,0.7540983606557377,0.7446428571428572,0.625,0.7142857142857143,0.775,0.6666666666666666,0.47587807481007366,0.8226190476190476,0.1868020337940744
stacking,True,3,7,13,0.7540983606557377,0.7446428571428572,0.625,0.7142857142857143,0.775,0.6666666666666666,0.47587807481007366,0.8404761904761905,0.16594246336153004
lr_own_rfecv,True,3,7,11,0.7868852459016393,0.8035714285714286,0.6428571428571429,0.8571428571428571,0.75,0.7346938775510204,0.5788880006133953,0.8583333333333333,0.16091960152147136
lr,False,3,8,16,0.7213114754098361,0.7196428571428571,0.5769230769230769,0.7142857142857143,0.725,0.6382978723404256,0.42205206252912253,0.8345238095238096,0.16677525798323908
svm,False,3,8,16,0.7540983606557377,0.7220238095238095,0.65,0.6190476190476191,0.825,0.6341463414634146,0.44943021095382796,0.8071428571428572,0.16440849134554256
knn,False,3,8,16,0.7704918032786885,0.7345238095238096,0.6842105263157895,0.6190476190476191,0.85,0.65,0.48123270323994133,0.7922619047619046,0.17121340725120993
nb,False,3,8,16,0.7868852459016393,0.7470238095238095,0.7222222222222222,0.6190476190476191,0.875,0.6666666666666666,0.5146808071128034,0.8178571428571428,0.17886538581737985
dt,False,3,8,16,0.6557377049180327,0.680952380952381,0.5,0.7619047619047619,0.6,0.6037735849056604,0.3443181787390562,0.7136904761904762,0.2517722057639294
rf,False,3,8,16,0.6885245901639344,0.6833333333333333,0.5384615384615384,0.6666666666666666,0.7,0.5957446808510638,0.3522819383711917,0.7761904761904762,0.1873761141419249
et,False,3,8,16,0.7213114754098361,0.7083333333333333,0.5833333333333334,0.6666666666666666,0.75,0.6222222222222222,0.40524896881636446,0.7761904761904761,0.18324847120915838
gb,False,3,8,16,0.8032786885245902,0.7708333333333333,0.7368421052631579,0.6666666666666666,0.875,0.7,0.5557382740461251,0.7773809523809523,0.18185892980595872
xgb,False,3,8,16,0.6721311475409836,0.6482142857142856,0.5217391304347826,0.5714285714285714,0.725,0.5454545454545454,0.29060560589203105,0.769047619047619,0.1882811039686203
lgbm,False,3,8,16,0.6885245901639344,0.6833333333333333,0.5384615384615384,0.6666666666666666,0.7,0.5957446808510638,0.3522819383711917,0.736904761904762,0.24578663266065423
stacking,False,3,8,16,0.7213114754098361,0.7196428571428571,0.5769230769230769,0.7142857142857143,0.725,0.6382978723404256,0.42205206252912253,0.8107142857142857,0.17806309453053476
lr,True,3,8,11,0.7049180327868853,0.6958333333333333,0.56,0.6666666666666666,0.725,0.6086956521739131,0.3783859483727242,0.805952380952381,0.1712164209965454
svm,True,3,8,11,0.7868852459016393,0.7696428571428571,0.6818181818181818,0.7142857142857143,0.825,0.6976744186046512,0.5335988870188657,0.8214285714285715,0.16016863596277356
knn,True,3,8,11,0.7704918032786885,0.7571428571428571,0.6521739130434783,0.7142857142857143,0.8,0.6818181818181818,0.5041832198608731,0.7839285714285715,0.17585876211986495
nb,True,3,8,11,0.8032786885245902,0.7595238095238095,0.7647058823529411,0.6190476190476191,0.9,0.6842105263157895,0.5500422466817512,0.8119047619047618,0.16799184611226978
dt,True,3,8,11,0.6557377049180327,0.680952380952381,0.5,0.7619047619047619,0.6,0.6037735849056604,0.3443181787390562,0.7279761904761904,0.24674512260665488
rf,True,3,8,11,0.7049180327868853,0.6958333333333333,0.56,0.6666666666666666,0.725,0.6086956521739131,0.3783859483727242,0.7797619047619047,0.18667985688161118
et,True,3,8,11,0.7049180327868853,0.7071428571428571,0.5555555555555556,0.7142857142857143,0.7,0.625,0.39629469648388077,0.7964285714285715,0.1829290114263891
gb,True,3,8,11,0.7868852459016393,0.7583333333333333,0.7,0.6666666666666666,0.85,0.6829268292682927,0.5229295215923896,0.7869047619047619,0.17506280306924535
xgb,True,3,8,11,0.7049180327868853,0.6845238095238095,0.5652173913043478,0.6190476190476191,0.75,0.5909090909090909,0.3617981438816451,0.7880952380952382,0.18468038737773895
lgbm,True,3,8,11,0.6557377049180327,0.6357142857142857,0.5,0.5714285714285714,0.7,0.5333333333333333,0.26399075682894596,0.7440476190476191,0.2587272187921656
stacking,True,3,8,11,0.7213114754098361,0.7309523809523809,0.5714285714285714,0.7619047619047619,0.7,0.6530612244897959,0.4404089102705831,0.819047619047619,0.17535457576252111
lr_own_rfecv,True,3,8,12,0.7213114754098361,0.7309523809523809,0.5714285714285714,0.7619047619047619,0.7,0.6530612244897959,0.4404089102705831,0.8357142857142857,0.1654116058342964
lr,False,3,9,16,0.7540983606557377,0.7672619047619047,0.6071428571428571,0.8095238095238095,0.725,0.6938775510204082,0.5096484554419892,0.8261904761904761,0.18367832940503076
svm,False,3,9,16,0.7704918032786885,0.7684523809523809,0.64,0.7619047619047619,0.775,0.6956521739130435,0.5186992787723362,0.8321428571428571,0.16091473112787472
knn,False,3,9,16,0.7049180327868853,0.6845238095238095,0.5652173913043478,0.6190476190476191,0.75,0.5909090909090909,0.3617981438816451,0.7988095238095239,0.18004287207359354
nb,False,3,9,16,0.7213114754098361,0.7196428571428571,0.5769230769230769,0.7142857142857143,0.725,0.6382978723404256,0.42205206252912253,0.7964285714285715,0.23986988677154128
dt,False,3,9,16,0.7049180327868853,0.7410714285714286,0.5454545454545454,0.8571428571428571,0.625,0.6666666666666666,0.4597051769576963,0.7178571428571429,0.2428396849876055
rf,False,3,9,16,0.7213114754098361,0.7309523809523809,0.5714285714285714,0.7619047619047619,0.7,0.6530612244897959,0.4404089102705831,0.8095238095238095,0.18814849993600793
et,False,3,9,16,0.7213114754098361,0.7196428571428571,0.5769230769230769,0.7142857142857143,0.725,0.6382978723404256,0.42205206252912253,0.7952380952380952,0.18857900393009644
gb,False,3,9,16,0.7213114754098361,0.7083333333333333,0.5833333333333334,0.6666666666666666,0.75,0.6222222222222222,0.40524896881636446,0.8357142857142857,0.17209960826903034
xgb,False,3,9,16,0.7049180327868853,0.6958333333333333,0.56,0.6666666666666666,0.725,0.6086956521739131,0.3783859483727242,0.8130952380952381,0.1904228925704956
lgbm,False,3,9,16,0.7213114754098361,0.7196428571428571,0.5769230769230769,0.7142857142857143,0.725,0.6382978723404256,0.42205206252912253,0.7928571428571429,0.23455014003432773
stacking,False,3,9,16,0.7377049180327869,0.7547619047619047,0.5862068965517241,0.8095238095238095,0.7,0.68,0.48476375164577645,0.8309523809523809,0.1848042819405505
lr,True,3,9,8,0.7540983606557377,0.7672619047619047,0.6071428571428571,0.8095238095238095,0.725,0.6938775510204082,0.5096484554419892,0.8214285714285714,0.18833865758132406
svm,True,3,9,8,0.7377049180327869,0.7321428571428572,0.6,0.7142857142857143,0.75,0.6521739130434783,0.4485426135725302,0.825,0.1635370340104754
knn,True,3,9,8,0.7213114754098361,0.6970238095238095,0.5909090909090909,0.6190476190476191,0.775,0.6046511627906976,0.38989234349502105,0.7464285714285714,0.1976018289213388
nb,True,3,9,8,0.7213114754098361,0.7196428571428571,0.5769230769230769,0.7142857142857143,0.725,0.6382978723404256,0.42205206252912253,0.7892857142857144,0.2257645697170272
dt,True,3,9,8,0.6885245901639344,0.7285714285714285,0.5294117647058824,0.8571428571428571,0.6,0.6545454545454545,0.43729069956842015,0.769047619047619,0.2203338452255983
rf,True,3,9,8,0.7704918032786885,0.7797619047619048,0.6296296296296297,0.8095238095238095,0.75,0.7083333333333334,0.5352255958259309,0.7952380952380953,0.19230192633684048
et,True,3,9,8,0.7704918032786885,0.7910714285714285,0.6206896551724138,0.8571428571428571,0.725,0.72,0.5538539125111791,0.8083333333333333,0.18684617230936584
gb,True,3,9,8,0.7704918032786885,0.7571428571428571,0.6521739130434783,0.7142857142857143,0.8,0.6818181818181818,0.5041832198608731,0.8142857142857143,0.17613667042496542
xgb,True,3,9,8,0.7213114754098361,0.7083333333333333,0.5833333333333334,0.6666666666666666,0.75,0.6222222222222222,0.40524896881636446,0.7773809523809524,0.20358550548553467
lgbm,True,3,9,8,0.6557377049180327,0.6470238095238096,0.5,0.6190476190476191,0.675,0.5531914893617021,0.2825118142132609,0.7571428571428571,0.2469827418145246
stacking,True,3,9,8,0.7377049180327869,0.7660714285714285,0.5806451612903226,0.8571428571428571,0.675,0.6923076923076923,0.5057389538100874,0.8119047619047619,0.1913187031397149
lr_own_rfecv,True,3,9,10,0.7704918032786885,0.7797619047619048,0.6296296296296297,0.8095238095238095,0.75,0.7083333333333334,0.5352255958259309,0.8226190476190476,0.18484263008966084
lr,False,3,10,16,0.6885245901639344,0.6720238095238096,0.5416666666666666,0.6190476190476191,0.725,0.5777777777777777,0.3346198628226552,0.7726190476190476,0.19047624653251224
svm,False,3,10,16,0.6885245901639344,0.6494047619047619,0.55,0.5238095238095238,0.775,0.5365853658536586,0.3024315896767046,0.755952380952381,0.19514254297458014
knn,False,3,10,16,0.7377049180327869,0.6982142857142857,0.631578947368421,0.5714285714285714,0.825,0.6,0.4067271324337575,0.7416666666666667,0.19667467396887708
nb,False,3,10,16,0.7540983606557377,0.7107142857142856,0.6666666666666666,0.5714285714285714,0.85,0.6153846153846154,0.43902892944080096,0.7619047619047619,0.23669675698947518
dt,False,3,10,16,0.6557377049180327,0.6583333333333333,0.5,0.6666666666666666,0.65,0.5714285714285714,0.3019298199277709,0.7523809523809525,0.22774137331505545
rf,False,3,10,16,0.7049180327868853,0.6845238095238095,0.5652173913043478,0.6190476190476191,0.75,0.5909090909090909,0.3617981438816451,0.7595238095238095,0.194287099272722
et,False,3,10,16,0.6885245901639344,0.6607142857142857,0.5454545454545454,0.5714285714285714,0.75,0.5581395348837209,0.31803907173309875,0.7630952380952382,0.18976367546463319
gb,False,3,10,16,0.6721311475409836,0.6255952380952381,0.5263157894736842,0.47619047619047616,0.775,0.5,0.2577159908213899,0.7892857142857143,0.18848299424325707
xgb,False,3,10,16,0.7213114754098361,0.6857142857142857,0.6,0.5714285714285714,0.8,0.5853658536585366,0.37593090031526627,0.7773809523809524,0.18484356999397278
lgbm,False,3,10,16,0.639344262295082,0.6005952380952381,0.47619047619047616,0.47619047619047616,0.725,0.47619047619047616,0.2011904761904762,0.7476190476190476,0.24861958717010887
stacking,False,3,10,16,0.6885245901639344,0.6833333333333333,0.5384615384615384,0.6666666666666666,0.7,0.5957446808510638,0.3522819383711917,0.7678571428571429,0.19486980496032644
lr,True,3,10,12,0.7213114754098361,0.6970238095238095,0.5909090909090909,0.6190476190476191,0.775,0.6046511627906976,0.38989234349502105,0.7773809523809524,0.1914376137736987
svm,True,3,10,12,0.6721311475409836,0.6255952380952381,0.5263157894736842,0.47619047619047616,0.775,0.5,0.2577159908213899,0.763095238095238,0.1910654912601747
knn,True,3,10,12,0.7049180327868853,0.661904761904762,0.5789473684210527,0.5238095238095238,0.8,0.55,0.3322215616275737,0.7523809523809524,0.19162945343878032
nb,True,3,10,12,0.7213114754098361,0.6857142857142857,0.6,0.5714285714285714,0.8,0.5853658536585366,0.37593090031526627,0.7642857142857142,0.23357703547966252
dt,True,3,10,12,0.639344262295082,0.6458333333333333,0.4827586206896552,0.6666666666666666,0.625,0.56,0.2774932690495683,0.7142857142857143,0.24833537970156377
rf,True,3,10,12,0.6885245901639344,0.6720238095238096,0.5416666666666666,0.6190476190476191,0.725,0.5777777777777777,0.3346198628226552,0.775,0.18954179859789907
et,True,3,10,12,0.7049180327868853,0.6845238095238095,0.5652173913043478,0.6190476190476191,0.75,0.5909090909090909,0.3617981438816451,0.7761904761904762,0.18742835291542156
gb,True,3,10,12,0.6721311475409836,0.6369047619047619,0.5238095238095238,0.5238095238095238,0.75,0.5238095238095238,0.27380952380952384,0.7773809523809523,0.18503223880358438
xgb,True,3,10,12,0.7049180327868853,0.6732142857142858,0.5714285714285714,0.5714285714285714,0.775,0.5714285714285714,0.3464285714285714,0.7797619047619048,0.18357472121715546
lgbm,True,3,10,12,0.7049180327868853,0.6845238095238095,0.5652173913043478,0.6190476190476191,0.75,0.5909090909090909,0.3617981438816451,0.7702380952380952,0.20418470098826597
stacking,True,3,10,12,0.6721311475409836,0.6595238095238095,0.52,0.6190476190476191,0.7,0.5652173913043478,0.3082292831729182,0.775,0.19738638650617843
lr_own_rfecv,True,3,10,8,0.6885245901639344,0.6607142857142857,0.5454545454545454,0.5714285714285714,0.75,0.5581395348837209,0.31803907173309875,0.7654761904761904,0.19437745461975825
lr,False,4,1,16,0.7903225806451613,0.7761363636363636,0.6956521739130435,0.7272727272727273,0.825,0.7111111111111111,0.5470143401732016,0.8340909090909091,0.16172660056900506
svm,False,4,1,16,0.8225806451612904,0.7909090909090909,0.7894736842105263,0.6818181818181818,0.9,0.7317073170731707,0.6038340465747408,0.8409090909090909,0.14601078911140125
knn,False,4,1,16,0.7903225806451613,0.7659090909090909,0.7142857142857143,0.6818181818181818,0.85,0.6976744186046512,0.5376540743880307,0.8511363636363636,0.14642370155930365
nb,False,4,1,16,0.7741935483870968,0.7534090909090909,0.6818181818181818,0.6818181818181818,0.825,0.6818181818181818,0.5068181818181818,0.8113636363636364,0.2119266175441328
dt,False,4,1,16,0.7258064516129032,0.7465909090909091,0.5806451612903226,0.8181818181818182,0.675,0.6792452830188679,0.47193990372426947,0.8090909090909091,0.18585042792274434
rf,False,4,1,16,0.7580645161290323,0.740909090909091,0.6521739130434783,0.6818181818181818,0.8,0.6666666666666666,0.47723061776427467,0.8568181818181818,0.150116611992414
et,False,4,1,16,0.7580645161290323,0.740909090909091,0.6521739130434783,0.6818181818181818,0.8,0.6666666666666666,0.47723061776427467,0.8761363636363636,0.1432741470376915
gb,False,4,1,16,0.7419354838709677,0.7181818181818183,0.6363636363636364,0.6363636363636364,0.8,0.6363636363636364,0.43636363636363634,0.8522727272727273,0.1434696657062368
xgb,False,4,1,16,0.7580645161290323,0.7306818181818182,0.6666666666666666,0.6363636363636364,0.825,0.6511627906976745,0.46642639786653944,0.8431818181818181,0.15495245158672333
lgbm,False,4,1,16,0.7419354838709677,0.7181818181818183,0.6363636363636364,0.6363636363636364,0.8,0.6363636363636364,0.43636363636363634,0.8386363636363636,0.19052956274101776
stacking,False,4,1,16,0.7903225806451613,0.7863636363636364,0.68,0.7727272727272727,0.8,0.723404255319149,0.5586223841370556,0.8670454545454546,0.15172697768798005
lr,True,4,1,8,0.7741935483870968,0.7636363636363637,0.6666666666666666,0.7272727272727273,0.8,0.6956521739130435,0.5179397291175925,0.8352272727272727,0.16669236693082584
svm,True,4,1,8,0.8064516129032258,0.7886363636363636,0.7272727272727273,0.7272727272727273,0.85,0.7272727272727273,0.5772727272727273,0.8363636363636364,0.15149863815425915
knn,True,4,1,8,0.7903225806451613,0.7659090909090909,0.7142857142857143,0.6818181818181818,0.85,0.6976744186046512,0.5376540743880307,0.8374999999999999,0.15386662175990254
nb,True,4,1,8,0.7580645161290323,0.740909090909091,0.6521739130434783,0.6818181818181818,0.8,0.6666666666666666,0.47723061776427467,0.8193181818181818,0.2098446520082415
dt,True,4,1,8,0.7419354838709677,0.759090909090909,0.6,0.8181818181818182,0.7,0.6923076923076923,0.49612131947373883,0.83125,0.17844229730071007
rf,True,4,1,8,0.7580645161290323,0.740909090909091,0.6521739130434783,0.6818181818181818,0.8,0.6666666666666666,0.47723061776427467,0.8352272727272727,0.1596077474732492
et,True,4,1,8,0.7580645161290323,0.7511363636363637,0.64,0.7272727272727273,0.775,0.6808510638297872,0.4899029638662273,0.853409090909091,0.15551457370564853
gb,True,4,1,8,0.7741935483870968,0.7534090909090909,0.6818181818181818,0.6818181818181818,0.825,0.6818181818181818,0.5068181818181818,0.8352272727272727,0.15101978204663785
xgb,True,4,1,8,0.7419354838709677,0.7181818181818183,0.6363636363636364,0.6363636363636364,0.8,0.6363636363636364,0.43636363636363634,0.8238636363636364,0.16605326533317566
lgbm,True,4,1,8,0.7580645161290323,0.7306818181818182,0.6666666666666666,0.6363636363636364,0.825,0.6511627906976745,0.46642639786653944,0.8125,0.19376952902541944
stacking,True,4,1,8,0.7741935483870968,0.7738636363636364,0.6538461538461539,0.7727272727272727,0.775,0.7083333333333334,0.5310895765368948,0.8488636363636364,0.16288620879478927
lr_own_rfecv,True,4,1,8,0.7741935483870968,0.7534090909090909,0.6818181818181818,0.6818181818181818,0.825,0.6818181818181818,0.5068181818181818,0.8181818181818181,0.16658348545392782
lr,False,4,2,16,0.8225806451612904,0.821590909090909,0.72,0.8181818181818182,0.825,0.7659574468085106,0.6273418044078838,0.8909090909090909,0.13525216258405312
svm,False,4,2,16,0.8387096774193549,0.8238636363636364,0.7727272727272727,0.7727272727272727,0.875,0.7727272727272727,0.6477272727272727,0.8704545454545455,0.13412742334172928
knn,False,4,2,16,0.8709677419354839,0.8488636363636364,0.85,0.7727272727272727,0.925,0.8095238095238095,0.7141466314808264,0.8954545454545455,0.11806005200719792
nb,False,4,2,16,0.8548387096774194,0.8363636363636364,0.8095238095238095,0.7727272727272727,0.9,0.7906976744186046,0.6801094274310132,0.8954545454545455,0.1303398652566646
dt,False,4,2,16,0.6935483870967742,0.7215909090909092,0.5454545454545454,0.8181818181818182,0.625,0.6545454545454545,0.4249788354074996,0.7625000000000001,0.21466803973185247
rf,False,4,2,16,0.8064516129032258,0.8090909090909091,0.6923076923076923,0.8181818181818182,0.8,0.75,0.5994040033943377,0.8761363636363637,0.13902629711666628
et,False,4,2,16,0.8548387096774194,0.8465909090909092,0.782608695652174,0.8181818181818182,0.875,0.8,0.6865817849910555,0.9056818181818183,0.12250313055532945
gb,False,4,2,16,0.8225806451612904,0.8011363636363636,0.7619047619047619,0.7272727272727273,0.875,0.7441860465116279,0.6088817509095219,0.8568181818181818,0.13883103249833365
xgb,False,4,2,16,0.8387096774193549,0.8136363636363637,0.8,0.7272727272727273,0.9,0.7619047619047619,0.642034105174945,0.8806818181818182,0.12704066932201385
lgbm,False,4,2,16,0.8064516129032258,0.7784090909090908,0.75,0.6818181818181818,0.875,0.7142857142857143,0.5699215788690635,0.8386363636363636,0.15098794153527226
stacking,False,4,2,16,0.7903225806451613,0.7965909090909091,0.6666666666666666,0.8181818181818182,0.775,0.7346938775510204,0.572417974614999,0.8977272727272728,0.13981986648624606
lr,True,4,2,15,0.8387096774193549,0.8340909090909091,0.75,0.8181818181818182,0.85,0.782608695652174,0.6563546567266043,0.9113636363636364,0.12667437658614258
svm,True,4,2,15,0.8548387096774194,0.8363636363636364,0.8095238095238095,0.7727272727272727,0.9,0.7906976744186046,0.6801094274310132,0.8795454545454545,0.1323641246551685
knn,True,4,2,15,0.8548387096774194,0.8363636363636364,0.8095238095238095,0.7727272727272727,0.9,0.7906976744186046,0.6801094274310132,0.9147727272727273,0.11541672097773961
nb,True,4,2,15,0.8548387096774194,0.8261363636363637,0.8421052631578947,0.7272727272727273,0.925,0.7804878048780488,0.6769545756521509,0.8943181818181818,0.12250561478950953
dt,True,4,2,15,0.7096774193548387,0.7340909090909091,0.5625,0.8181818181818182,0.65,0.6666666666666666,0.44824996408592194,0.7857954545454545,0.19853900747378797
rf,True,4,2,15,0.8064516129032258,0.8090909090909091,0.6923076923076923,0.8181818181818182,0.8,0.75,0.5994040033943377,0.8772727272727273,0.1371388146588147
et,True,4,2,15,0.8387096774193549,0.8238636363636364,0.7727272727272727,0.7727272727272727,0.875,0.7727272727272727,0.6477272727272727,0.9068181818181819,0.1215731368599401
gb,True,4,2,15,0.8064516129032258,0.7886363636363636,0.7272727272727273,0.7272727272727273,0.85,0.7272727272727273,0.5772727272727273,0.8579545454545454,0.13918833886592127
xgb,True,4,2,15,0.8064516129032258,0.7784090909090908,0.75,0.6818181818181818,0.875,0.7142857142857143,0.5699215788690635,0.8670454545454546,0.134665384888649
lgbm,True,4,2,15,0.8064516129032258,0.7886363636363636,0.7272727272727273,0.7272727272727273,0.85,0.7272727272727273,0.5772727272727273,0.8465909090909091,0.1502697944095466
stacking,True,4,2,15,0.8064516129032258,0.8193181818181818,0.6785714285714286,0.8636363636363636,0.775,0.76,0.614011500080178,0.9045454545454545,0.131743447487109
lr_own_rfecv,True,4,2,10,0.8225806451612904,0.821590909090909,0.72,0.8181818181818182,0.825,0.7659574468085106,0.6273418044078838,0.8977272727272727,0.13136613501129105
lr,False,4,3,16,0.7258064516129032,0.6954545454545455,0.6190476190476191,0.5909090909090909,0.8,0.6046511627906976,0.3951987213450482,0.7545454545454545,0.1895078306983066
svm,False,4,3,16,0.7096774193548387,0.6522727272727272,0.625,0.45454545454545453,0.85,0.5263157894736842,0.3330079109791591,0.7738636363636364,0.18849513471784823
knn,False,4,3,16,0.6774193548387096,0.6272727272727273,0.5555555555555556,0.45454545454545453,0.8,0.5,0.26831446813549886,0.7267045454545454,0.20834893224864753
nb,False,4,3,16,0.7419354838709677,0.6772727272727272,0.7142857142857143,0.45454545454545453,0.9,0.5555555555555556,0.4057220595560335,0.7397727272727272,0.23782664614764273
dt,False,4,3,16,0.7419354838709677,0.7897727272727273,0.5833333333333334,0.9545454545454546,0.625,0.7241379310344828,0.5619412531821917,0.8392045454545454,0.16284691520765013
rf,False,4,3,16,0.7096774193548387,0.6829545454545455,0.5909090909090909,0.5909090909090909,0.775,0.5909090909090909,0.3659090909090909,0.7761363636363636,0.18947250780818933
et,False,4,3,16,0.6774193548387096,0.6579545454545455,0.5416666666666666,0.5909090909090909,0.725,0.5652173913043478,0.3103173377040748,0.7613636363636364,0.19074289349042808
gb,False,4,3,16,0.6935483870967742,0.6295454545454545,0.6,0.4090909090909091,0.85,0.4864864864864865,0.2894669281878446,0.7761363636363636,0.18400478974480508
xgb,False,4,3,16,0.7096774193548387,0.6522727272727272,0.625,0.45454545454545453,0.85,0.5263157894736842,0.3330079109791591,0.7761363636363636,0.19774535298347473
lgbm,False,4,3,16,0.6612903225806451,0.6045454545454546,0.5294117647058824,0.4090909090909091,0.8,0.46153846153846156,0.22425687673232006,0.7477272727272728,0.24847395868923866
stacking,False,4,3,16,0.6935483870967742,0.6909090909090909,0.5555555555555556,0.6818181818181818,0.7,0.6122448979591837,0.3684529491774706,0.7738636363636364,0.1898728292676989
lr,True,4,3,7,0.7580645161290323,0.7306818181818182,0.6666666666666666,0.6363636363636364,0.825,0.6511627906976745,0.46642639786653944,0.8147727272727273,0.16627072855054076
svm,True,4,3,7,0.7096774193548387,0.6522727272727272,0.625,0.45454545454545453,0.85,0.5263157894736842,0.3330079109791591,0.8090909090909091,0.17321554560097613
knn,True,4,3,7,0.6612903225806451,0.5943181818181817,0.5333333333333333,0.36363636363636365,0.825,0.43243243243243246,0.2107522371893956,0.7715909090909091,0.18861404011586744
nb,True,4,3,7,0.7580645161290323,0.6897727272727273,0.7692307692307693,0.45454545454545453,0.925,0.5714285714285714,0.44610327808974953,0.7920454545454545,0.21984361210097095
dt,True,4,3,7,0.7580645161290323,0.7920454545454545,0.6060606060606061,0.9090909090909091,0.675,0.7272727272727273,0.5601003112806533,0.8477272727272728,0.15279935269542447
rf,True,4,3,7,0.6935483870967742,0.6806818181818182,0.56,0.6363636363636364,0.725,0.5957446808510638,0.3524641233245708,0.775,0.1889108953723797
et,True,4,3,7,0.7096774193548387,0.6829545454545455,0.5909090909090909,0.5909090909090909,0.775,0.5909090909090909,0.3659090909090909,0.7818181818181819,0.17602844090471317
gb,True,4,3,7,0.7258064516129032,0.675,0.6470588235294118,0.5,0.85,0.5641025641025641,0.37538651105192705,0.8170454545454546,0.1722875385634
xgb,True,4,3,7,0.7096774193548387,0.6625,0.6111111111111112,0.5,0.825,0.55,0.34258007985157446,0.7829545454545455,0.18911844491958618
lgbm,True,4,3,7,0.6451612903225806,0.6125,0.5,0.5,0.725,0.5,0.225,0.7511363636363636,0.23747121642394806
stacking,True,4,3,7,0.7258064516129032,0.7056818181818182,0.6086956521739131,0.6363636363636364,0.775,0.6222222222222222,0.40744689535534767,0.7943181818181818,0.17477072035142083
lr_own_rfecv,True,4,3,12,0.7096774193548387,0.6829545454545455,0.5909090909090909,0.5909090909090909,0.775,0.5909090909090909,0.3659090909090909,0.7556818181818181,0.18673613488770854
lr,False,4,4,16,0.7580645161290323,0.740909090909091,0.6521739130434783,0.6818181818181818,0.8,0.6666666666666666,0.47723061776427467,0.8727272727272727,0.14228053502061155
svm,False,4,4,16,0.7258064516129032,0.675,0.6470588235294118,0.5,0.85,0.5641025641025641,0.37538651105192705,0.8295454545454546,0.16926049683797714
knn,False,4,4,16,0.7258064516129032,0.6647727272727273,0.6666666666666666,0.45454545454545453,0.875,0.5405405405405406,0.3681816191862935,0.8409090909090908,0.16372555015009438
nb,False,4,4,16,0.7903225806451613,0.7454545454545455,0.7647058823529411,0.5909090909090909,0.9,0.6666666666666666,0.526516145371534,0.8738636363636364,0.18612142003999302
dt,False,4,4,16,0.7419354838709677,0.7386363636363636,0.6153846153846154,0.7272727272727273,0.75,0.6666666666666666,0.46277514967945194,0.8051136363636364,0.18101273430877832
rf,False,4,4,16,0.7258064516129032,0.6852272727272727,0.631578947368421,0.5454545454545454,0.825,0.5853658536585366,0.38447245934251073,0.8352272727272727,0.16143509714986254
et,False,4,4,16,0.7258064516129032,0.675,0.6470588235294118,0.5,0.85,0.5641025641025641,0.37538651105192705,0.8409090909090909,0.15852202769767298
gb,False,4,4,16,0.7419354838709677,0.6875,0.6875,0.5,0.875,0.5789473684210527,0.41004705456388996,0.8102272727272728,0.18124954106729546
xgb,False,4,4,16,0.7741935483870968,0.7227272727272727,0.75,0.5454545454545454,0.9,0.631578947368421,0.4870861981486208,0.8238636363636364,0.17293892800807953
lgbm,False,4,4,16,0.7580645161290323,0.7102272727272727,0.7058823529411765,0.5454545454545454,0.875,0.6153846153846154,0.45095132821173056,0.8193181818181818,0.18864571113535672
stacking,False,4,4,16,0.7741935483870968,0.7534090909090909,0.6818181818181818,0.6818181818181818,0.825,0.6818181818181818,0.5068181818181818,0.8522727272727272,0.1579948158362567
lr,True,4,4,15,0.7580645161290323,0.7306818181818182,0.6666666666666666,0.6363636363636364,0.825,0.6511627906976745,0.46642639786653944,0.8704545454545454,0.14283704701010794
svm,True,4,4,15,0.7096774193548387,0.6625,0.6111111111111112,0.5,0.825,0.55,0.34258007985157446,0.8215909090909091,0.1732590289546966
knn,True,4,4,15,0.7258064516129032,0.675,0.6470588235294118,0.5,0.85,0.5641025641025641,0.37538651105192705,0.8375,0.16309432228667617
nb,True,4,4,15,0.7741935483870968,0.7431818181818182,0.7,0.6363636363636364,0.85,0.6666666666666666,0.4978090525631819,0.8795454545454546,0.17811399968224534
dt,True,4,4,15,0.7419354838709677,0.7386363636363636,0.6153846153846154,0.7272727272727273,0.75,0.6666666666666666,0.46277514967945194,0.8051136363636364,0.18101273430877837
rf,True,4,4,15,0.7580645161290323,0.7204545454545455,0.6842105263157895,0.5909090909090909,0.85,0.6341463414634146,0.4575929884199208,0.8352272727272727,0.16031253730799697
et,True,4,4,15,0.7258064516129032,0.6954545454545455,0.6190476190476191,0.5909090909090909,0.8,0.6046511627906976,0.3951987213450482,0.8340909090909092,0.15898366387067067
gb,True,4,4,15,0.7419354838709677,0.6875,0.6875,0.5,0.875,0.5789473684210527,0.41004705456388996,0.8102272727272728,0.18094044872933182
xgb,True,4,4,15,0.7741935483870968,0.7227272727272727,0.75,0.5454545454545454,0.9,0.631578947368421,0.4870861981486208,0.8238636363636365,0.17513538897037506
lgbm,True,4,4,15,0.7741935483870968,0.7227272727272727,0.75,0.5454545454545454,0.9,0.631578947368421,0.4870861981486208,0.821590909090909,0.18963708423115933
stacking,True,4,4,15,0.7741935483870968,0.7534090909090909,0.6818181818181818,0.6818181818181818,0.825,0.6818181818181818,0.5068181818181818,0.8477272727272727,0.16048308964725247
lr_own_rfecv,True,4,4,11,0.7419354838709677,0.7181818181818183,0.6363636363636364,0.6363636363636364,0.8,0.6363636363636364,0.43636363636363634,0.8693181818181819,0.14373946655417416
lr,False,4,5,16,0.819672131147541,0.8172619047619047,0.7083333333333334,0.8095238095238095,0.825,0.7555555555555555,0.6171362867974921,0.9035714285714286,0.13296476567775803
svm,False,4,5,16,0.8360655737704918,0.8184523809523809,0.7619047619047619,0.7619047619047619,0.875,0.7619047619047619,0.6369047619047619,0.9107142857142857,0.12096987053864866
knn,False,4,5,16,0.8360655737704918,0.8071428571428572,0.7894736842105263,0.7142857142857143,0.9,0.75,0.6302438448523089,0.9119047619047619,0.11846086854734036
nb,False,4,5,16,0.819672131147541,0.7946428571428572,0.75,0.7142857142857143,0.875,0.7317073170731707,0.5964288322309513,0.8976190476190476,0.15741739054214696
dt,False,4,5,16,0.7049180327868853,0.7523809523809524,0.5428571428571428,0.9047619047619048,0.6,0.6785714285714286,0.4849595515239782,0.7845238095238095,0.19551884559243649
rf,False,4,5,16,0.8360655737704918,0.8523809523809525,0.7037037037037037,0.9047619047619048,0.8,0.7916666666666666,0.674156495167981,0.9071428571428571,0.12739847335282525
et,False,4,5,16,0.8688524590163934,0.8773809523809524,0.76,0.9047619047619048,0.85,0.8260869565217391,0.7291692743717543,0.919047619047619,0.12147865625469495
gb,False,4,5,16,0.7868852459016393,0.7583333333333333,0.7,0.6666666666666666,0.85,0.6829268292682927,0.5229295215923896,0.8988095238095237,0.12592041736797768
xgb,False,4,5,16,0.7704918032786885,0.7571428571428571,0.6521739130434783,0.7142857142857143,0.8,0.6818181818181818,0.5041832198608731,0.8821428571428571,0.13703083992004395
lgbm,False,4,5,16,0.819672131147541,0.8172619047619047,0.7083333333333334,0.8095238095238095,0.825,0.7555555555555555,0.6171362867974921,0.8654761904761905,0.16213958866591366
stacking,False,4,5,16,0.8360655737704918,0.8410714285714285,0.72,0.8571428571428571,0.825,0.782608695652174,0.6590126091719483,0.9214285714285715,0.12813407559078346
lr,True,4,5,15,0.819672131147541,0.8172619047619047,0.7083333333333334,0.8095238095238095,0.825,0.7555555555555555,0.6171362867974921,0.9035714285714286,0.13464985466171445
svm,True,4,5,15,0.8032786885245902,0.7821428571428571,0.7142857142857143,0.7142857142857143,0.85,0.7142857142857143,0.5642857142857143,0.9023809523809523,0.12281556403600252
knn,True,4,5,15,0.8688524590163934,0.8773809523809524,0.76,0.9047619047619048,0.85,0.8260869565217391,0.7291692743717543,0.9238095238095237,0.11755702816409691
nb,True,4,5,15,0.819672131147541,0.7946428571428572,0.75,0.7142857142857143,0.875,0.7317073170731707,0.5964288322309513,0.8976190476190476,0.16853398577465958
dt,True,4,5,15,0.7049180327868853,0.7523809523809524,0.5428571428571428,0.9047619047619048,0.6,0.6785714285714286,0.4849595515239782,0.7845238095238095,0.19551884559243646
rf,True,4,5,15,0.8360655737704918,0.8523809523809525,0.7037037037037037,0.9047619047619048,0.8,0.7916666666666666,0.674156495167981,0.9142857142857144,0.1268448526446233
et,True,4,5,15,0.819672131147541,0.8285714285714285,0.6923076923076923,0.8571428571428571,0.8,0.7659574468085106,0.631362435002915,0.9249999999999999,0.12194433949310857
gb,True,4,5,15,0.8032786885245902,0.7821428571428571,0.7142857142857143,0.7142857142857143,0.85,0.7142857142857143,0.5642857142857143,0.8988095238095238,0.12431508730448186
xgb,True,4,5,15,0.819672131147541,0.8285714285714285,0.6923076923076923,0.8571428571428571,0.8,0.7659574468085106,0.631362435002915,0.8928571428571429,0.12972915172576904
lgbm,True,4,5,15,0.819672131147541,0.8285714285714285,0.6923076923076923,0.8571428571428571,0.8,0.7659574468085106,0.631362435002915,0.8666666666666667,0.16508204825037637
stacking,True,4,5,15,0.8360655737704918,0.8410714285714285,0.72,0.8571428571428571,0.825,0.782608695652174,0.6590126091719483,0.9214285714285714,0.12644834174803296
lr_own_rfecv,True,4,5,12,0.819672131147541,0.8172619047619047,0.7083333333333334,0.8095238095238095,0.825,0.7555555555555555,0.6171362867974921,0.9035714285714286,0.1333148456112344
lr,False,4,6,16,0.7049180327868853,0.6958333333333333,0.56,0.6666666666666666,0.725,0.6086956521739131,0.3783859483727242,0.8309523809523809,0.16964379461659346
svm,False,4,6,16,0.7213114754098361,0.6970238095238095,0.5909090909090909,0.6190476190476191,0.775,0.6046511627906976,0.38989234349502105,0.794047619047619,0.17519501172428936
knn,False,4,6,16,0.819672131147541,0.7833333333333333,0.7777777777777778,0.6666666666666666,0.9,0.717948717948718,0.5903326847848058,0.8017857142857142,0.1714233506205994
nb,False,4,6,16,0.7377049180327869,0.7095238095238096,0.6190476190476191,0.6190476190476191,0.8,0.6190476190476191,0.41904761904761906,0.807142857142857,0.21176711360293793
dt,False,4,6,16,0.7704918032786885,0.7797619047619048,0.6296296296296297,0.8095238095238095,0.75,0.7083333333333334,0.5352255958259309,0.8267857142857142,0.16971244009680067
rf,False,4,6,16,0.7377049180327869,0.7208333333333333,0.6086956521739131,0.6666666666666666,0.775,0.6363636363636364,0.4329906818712591,0.8357142857142857,0.1640898366477553
et,False,4,6,16,0.7704918032786885,0.7571428571428571,0.6521739130434783,0.7142857142857143,0.8,0.6818181818181818,0.5041832198608731,0.8345238095238094,0.1565884011026907
gb,False,4,6,16,0.7213114754098361,0.6970238095238095,0.5909090909090909,0.6190476190476191,0.775,0.6046511627906976,0.38989234349502105,0.8214285714285714,0.17261183641680378
xgb,False,4,6,16,0.7049180327868853,0.6732142857142858,0.5714285714285714,0.5714285714285714,0.775,0.5714285714285714,0.3464285714285714,0.8083333333333332,0.18477778136730194
lgbm,False,4,6,16,0.7213114754098361,0.6970238095238095,0.5909090909090909,0.6190476190476191,0.775,0.6046511627906976,0.38989234349502105,0.8047619047619048,0.21968148756824274
stacking,False,4,6,16,0.7377049180327869,0.743452380952381,0.5925925925925926,0.7619047619047619,0.725,0.6666666666666666,0.46576014615490585,0.8333333333333333,0.16518983141775606
lr,True,4,6,14,0.7049180327868853,0.6958333333333333,0.56,0.6666666666666666,0.725,0.6086956521739131,0.3783859483727242,0.8321428571428571,0.17045233086772577
svm,True,4,6,14,0.7049180327868853,0.6732142857142858,0.5714285714285714,0.5714285714285714,0.775,0.5714285714285714,0.3464285714285714,0.7952380952380952,0.17247254953701355
knn,True,4,6,14,0.819672131147541,0.7833333333333333,0.7777777777777778,0.6666666666666666,0.9,0.717948717948718,0.5903326847848058,0.8261904761904761,0.156803424503599
nb,True,4,6,14,0.7213114754098361,0.6970238095238095,0.5909090909090909,0.6190476190476191,0.775,0.6046511627906976,0.38989234349502105,0.8071428571428572,0.2167961012073553
dt,True,4,6,14,0.7704918032786885,0.7797619047619048,0.6296296296296297,0.8095238095238095,0.75,0.7083333333333334,0.5352255958259309,0.8154761904761905,0.17591073312117272
rf,True,4,6,14,0.7377049180327869,0.7208333333333333,0.6086956521739131,0.6666666666666666,0.775,0.6363636363636364,0.4329906818712591,0.8380952380952381,0.1639770273371762
et,True,4,6,14,0.7540983606557377,0.7446428571428572,0.625,0.7142857142857143,0.775,0.6666666666666666,0.47587807481007366,0.8357142857142857,0.15722370075431197
gb,True,4,6,14,0.7213114754098361,0.6970238095238095,0.5909090909090909,0.6190476190476191,0.775,0.6046511627906976,0.38989234349502105,0.8226190476190476,0.1727178900081103
xgb,True,4,6,14,0.7049180327868853,0.6732142857142858,0.5714285714285714,0.5714285714285714,0.775,0.5714285714285714,0.3464285714285714,0.8119047619047619,0.18537478148937225
lgbm,True,4,6,14,0.7213114754098361,0.6857142857142857,0.6,0.5714285714285714,0.8,0.5853658536585366,0.37593090031526627,0.8107142857142857,0.22170068709966975
stacking,True,4,6,14,0.7377049180327869,0.743452380952381,0.5925925925925926,0.7619047619047619,0.725,0.6666666666666666,0.46576014615490585,0.8464285714285714,0.1632969139149678
lr_own_rfecv,True,4,6,13,0.7049180327868853,0.6958333333333333,0.56,0.6666666666666666,0.725,0.6086956521739131,0.3783859483727242,0.8309523809523809,0.16963263351500324
lr,False,4,7,16,0.7049180327868853,0.6958333333333333,0.56,0.6666666666666666,0.725,0.6086956521739131,0.3783859483727242,0.7607142857142857,0.2004683111678228
svm,False,4,7,16,0.7704918032786885,0.7458333333333333,0.6666666666666666,0.6666666666666666,0.825,0.6666666666666666,0.49166666666666664,0.8380952380952381,0.15767603747732045
knn,False,4,7,16,0.7377049180327869,0.7095238095238096,0.6190476190476191,0.6190476190476191,0.8,0.6190476190476191,0.41904761904761906,0.8214285714285714,0.16811472554348222
nb,False,4,7,16,0.7704918032786885,0.7232142857142857,0.7058823529411765,0.5714285714285714,0.875,0.631578947368421,0.47308679473774473,0.8041666666666667,0.21397838336107985
dt,False,4,7,16,0.7377049180327869,0.7773809523809524,0.5757575757575758,0.9047619047619048,0.65,0.7037037037037037,0.5289447221291024,0.7988095238095237,0.19144993800562563
rf,False,4,7,16,0.8032786885245902,0.7934523809523809,0.6956521739130435,0.7619047619047619,0.825,0.7272727272727273,0.5753757578504872,0.8428571428571429,0.16263935358299358
et,False,4,7,16,0.7377049180327869,0.7208333333333333,0.6086956521739131,0.6666666666666666,0.775,0.6363636363636364,0.4329906818712591,0.8142857142857143,0.17452071409949568
gb,False,4,7,16,0.7704918032786885,0.7571428571428571,0.6521739130434783,0.7142857142857143,0.8,0.6818181818181818,0.5041832198608731,0.8321428571428571,0.1679749361338895
xgb,False,4,7,16,0.7377049180327869,0.743452380952381,0.5925925925925926,0.7619047619047619,0.725,0.6666666666666666,0.46576014615490585,0.844047619047619,0.16974125802516937
lgbm,False,4,7,16,0.7377049180327869,0.743452380952381,0.5925925925925926,0.7619047619047619,0.725,0.6666666666666666,0.46576014615490585,0.8273809523809523,0.19323504822738344
stacking,False,4,7,16,0.7213114754098361,0.7196428571428571,0.5769230769230769,0.7142857142857143,0.725,0.6382978723404256,0.42205206252912253,0.8083333333333333,0.18198026154146923
lr,True,4,7,14,0.7377049180327869,0.7095238095238096,0.6190476190476191,0.6190476190476191,0.8,0.6190476190476191,0.41904761904761906,0.7583333333333334,0.20175803081667887
svm,True,4,7,14,0.8032786885245902,0.7708333333333333,0.7368421052631579,0.6666666666666666,0.875,0.7,0.5557382740461251,0.8261904761904761,0.16323827662129123
knn,True,4,7,14,0.7377049180327869,0.6982142857142857,0.631578947368421,0.5714285714285714,0.825,0.6,0.4067271324337575,0.7952380952380951,0.17876399654151912
nb,True,4,7,14,0.7540983606557377,0.7220238095238095,0.65,0.6190476190476191,0.825,0.6341463414634146,0.44943021095382796,0.800595238095238,0.22734935626059855
dt,True,4,7,14,0.7213114754098361,0.7422619047619048,0.5666666666666667,0.8095238095238095,0.675,0.6666666666666666,0.4604826715899453,0.7636904761904761,0.20725410820248683
rf,True,4,7,14,0.7540983606557377,0.7446428571428572,0.625,0.7142857142857143,0.775,0.6666666666666666,0.47587807481007366,0.8380952380952381,0.16464644293099745
et,True,4,7,14,0.7377049180327869,0.7208333333333333,0.6086956521739131,0.6666666666666666,0.775,0.6363636363636364,0.4329906818712591,0.8166666666666667,0.17314987134466567
gb,True,4,7,14,0.7704918032786885,0.7571428571428571,0.6521739130434783,0.7142857142857143,0.8,0.6818181818181818,0.5041832198608731,0.8333333333333334,0.16754313176845428
xgb,True,4,7,14,0.7540983606557377,0.7559523809523809,0.6153846153846154,0.7619047619047619,0.75,0.6808510638297872,0.49182218668705335,0.8345238095238096,0.1700829118490219
lgbm,True,4,7,14,0.7049180327868853,0.718452380952381,0.5517241379310345,0.7619047619047619,0.675,0.64,0.41567359078037375,0.8238095238095238,0.19954723360766666
stacking,True,4,7,14,0.7049180327868853,0.7071428571428571,0.5555555555555556,0.7142857142857143,0.7,0.625,0.39629469648388077,0.7964285714285715,0.1844685539968797
lr_own_rfecv,True,4,7,3,0.6885245901639344,0.6607142857142857,0.5454545454545454,0.5714285714285714,0.75,0.5581395348837209,0.31803907173309875,0.7452380952380953,0.2042301240040477
lr,False,4,8,16,0.7213114754098361,0.7309523809523809,0.5714285714285714,0.7619047619047619,0.7,0.6530612244897959,0.4404089102705831,0.8238095238095239,0.1782744925743938
svm,False,4,8,16,0.7540983606557377,0.7446428571428572,0.625,0.7142857142857143,0.775,0.6666666666666666,0.47587807481007366,0.8357142857142856,0.16112115925786594
knn,False,4,8,16,0.7704918032786885,0.7458333333333333,0.6666666666666666,0.6666666666666666,0.825,0.6666666666666666,0.49166666666666664,0.8333333333333333,0.15961983989226472
nb,False,4,8,16,0.7540983606557377,0.7107142857142856,0.6666666666666666,0.5714285714285714,0.85,0.6153846153846154,0.43902892944080096,0.8011904761904762,0.22639636581128084
dt,False,4,8,16,0.6065573770491803,0.6095238095238096,0.4482758620689655,0.6190476190476191,0.6,0.52,0.20840310818416558,0.6619047619047619,0.2908196073871355
rf,False,4,8,16,0.7213114754098361,0.7309523809523809,0.5714285714285714,0.7619047619047619,0.7,0.6530612244897959,0.4404089102705831,0.7988095238095239,0.18160445548624563
et,False,4,8,16,0.7213114754098361,0.7196428571428571,0.5769230769230769,0.7142857142857143,0.725,0.6382978723404256,0.42205206252912253,0.805952380952381,0.17601125181408925
gb,False,4,8,16,0.6885245901639344,0.6607142857142857,0.5454545454545454,0.5714285714285714,0.75,0.5581395348837209,0.31803907173309875,0.8273809523809523,0.16907989015538533
xgb,False,4,8,16,0.6885245901639344,0.6607142857142857,0.5454545454545454,0.5714285714285714,0.75,0.5581395348837209,0.31803907173309875,0.805952380952381,0.17970389127731323
lgbm,False,4,8,16,0.7049180327868853,0.6845238095238095,0.5652173913043478,0.6190476190476191,0.75,0.5909090909090909,0.3617981438816451,0.7702380952380953,0.22544926480441654
stacking,False,4,8,16,0.7377049180327869,0.7660714285714285,0.5806451612903226,0.8571428571428571,0.675,0.6923076923076923,0.5057389538100874,0.8333333333333333,0.17757929433098965
lr,True,4,8,14,0.6885245901639344,0.6946428571428571,0.5357142857142857,0.7142857142857143,0.675,0.6122448979591837,0.37116936509917703,0.8095238095238095,0.17943327423136265
svm,True,4,8,14,0.7540983606557377,0.7446428571428572,0.625,0.7142857142857143,0.775,0.6666666666666666,0.47587807481007366,0.8238095238095238,0.16679022287995157
knn,True,4,8,14,0.7377049180327869,0.6982142857142857,0.631578947368421,0.5714285714285714,0.825,0.6,0.4067271324337575,0.8333333333333333,0.1610864442502243
nb,True,4,8,14,0.7213114754098361,0.6857142857142857,0.6,0.5714285714285714,0.8,0.5853658536585366,0.37593090031526627,0.8047619047619048,0.2306224860798515
dt,True,4,8,14,0.6065573770491803,0.6095238095238096,0.4482758620689655,0.6190476190476191,0.6,0.52,0.20840310818416558,0.6619047619047619,0.29081960738713547
rf,True,4,8,14,0.7540983606557377,0.7672619047619047,0.6071428571428571,0.8095238095238095,0.725,0.6938775510204082,0.5096484554419892,0.8178571428571428,0.17522642826471982
et,True,4,8,14,0.7213114754098361,0.7196428571428571,0.5769230769230769,0.7142857142857143,0.725,0.6382978723404256,0.42205206252912253,0.8083333333333333,0.1701137360786539
gb,True,4,8,14,0.6885245901639344,0.6607142857142857,0.5454545454545454,0.5714285714285714,0.75,0.5581395348837209,0.31803907173309875,0.8261904761904763,0.1686703778086779
xgb,True,4,8,14,0.7704918032786885,0.7571428571428571,0.6521739130434783,0.7142857142857143,0.8,0.6818181818181818,0.5041832198608731,0.8166666666666667,0.1762618124485016
lgbm,True,4,8,14,0.7049180327868853,0.6845238095238095,0.5652173913043478,0.6190476190476191,0.75,0.5909090909090909,0.3617981438816451,0.7702380952380953,0.22544926480441654
stacking,True,4,8,14,0.7540983606557377,0.7785714285714285,0.6,0.8571428571428571,0.7,0.7058823529411765,0.529498501975662,0.8357142857142856,0.17694584796343504
lr_own_rfecv,True,4,8,12,0.7213114754098361,0.7309523809523809,0.5714285714285714,0.7619047619047619,0.7,0.6530612244897959,0.4404089102705831,0.8202380952380952,0.17861334528184006
lr,False,4,9,16,0.8360655737704918,0.8523809523809525,0.7037037037037037,0.9047619047619048,0.8,0.7916666666666666,0.674156495167981,0.905952380952381,0.12717280458725494
svm,False,4,9,16,0.8360655737704918,0.8410714285714285,0.72,0.8571428571428571,0.825,0.782608695652174,0.6590126091719483,0.9238095238095239,0.11858277511951866
knn,False,4,9,16,0.8360655737704918,0.8297619047619047,0.7391304347826086,0.8095238095238095,0.85,0.7727272727272727,0.6465682958401012,0.8809523809523809,0.1387347992149031
nb,False,4,9,16,0.8360655737704918,0.8297619047619047,0.7391304347826086,0.8095238095238095,0.85,0.7727272727272727,0.6465682958401012,0.8904761904761905,0.15109101742851702
dt,False,4,9,16,0.7049180327868853,0.7297619047619048,0.5483870967741935,0.8095238095238095,0.65,0.6538461538461539,0.43672312342437075,0.7535714285714286,0.23028598374660278
rf,False,4,9,16,0.819672131147541,0.8285714285714285,0.6923076923076923,0.8571428571428571,0.8,0.7659574468085106,0.631362435002915,0.8857142857142858,0.1433949924409621
et,False,4,9,16,0.7868852459016393,0.780952380952381,0.6666666666666666,0.7619047619047619,0.8,0.7111111111111111,0.5465071808037829,0.8916666666666666,0.1319436963529802
gb,False,4,9,16,0.7377049180327869,0.7208333333333333,0.6086956521739131,0.6666666666666666,0.775,0.6363636363636364,0.4329906818712591,0.8809523809523809,0.1368778745756863
xgb,False,4,9,16,0.7704918032786885,0.7571428571428571,0.6521739130434783,0.7142857142857143,0.8,0.6818181818181818,0.5041832198608731,0.8607142857142858,0.1478090137243271
lgbm,False,4,9,16,0.7540983606557377,0.7446428571428572,0.625,0.7142857142857143,0.775,0.6666666666666666,0.47587807481007366,0.861904761904762,0.15490438232799358
stacking,False,4,9,16,0.8688524590163934,0.8886904761904761,0.7407407407407407,0.9523809523809523,0.825,0.8333333333333334,0.7436219448390061,0.9023809523809525,0.1345063562236908
lr,True,4,9,8,0.8360655737704918,0.8523809523809525,0.7037037037037037,0.9047619047619048,0.8,0.7916666666666666,0.674156495167981,0.8964285714285715,0.13359586698780812
svm,True,4,9,8,0.819672131147541,0.8172619047619047,0.7083333333333334,0.8095238095238095,0.825,0.7555555555555555,0.6171362867974921,0.8857142857142857,0.13073245375010056
knn,True,4,9,8,0.819672131147541,0.7833333333333333,0.7777777777777778,0.6666666666666666,0.9,0.717948717948718,0.5903326847848058,0.9023809523809524,0.12854168674682687
nb,True,4,9,8,0.7868852459016393,0.7696428571428571,0.6818181818181818,0.7142857142857143,0.825,0.6976744186046512,0.5335988870188657,0.8857142857142857,0.1626153254876484
dt,True,4,9,8,0.6557377049180327,0.6696428571428572,0.5,0.7142857142857143,0.625,0.5882352941176471,0.3224510108185121,0.7857142857142857,0.21833092437386015
rf,True,4,9,8,0.7704918032786885,0.7684523809523809,0.64,0.7619047619047619,0.775,0.6956521739130435,0.5186992787723362,0.8869047619047619,0.14026510130710182
et,True,4,9,8,0.819672131147541,0.8285714285714285,0.6923076923076923,0.8571428571428571,0.8,0.7659574468085106,0.631362435002915,0.8976190476190476,0.139159558693588
gb,True,4,9,8,0.7868852459016393,0.7696428571428571,0.6818181818181818,0.7142857142857143,0.825,0.6976744186046512,0.5335988870188657,0.8773809523809524,0.1336001110618009
xgb,True,4,9,8,0.7868852459016393,0.7696428571428571,0.6818181818181818,0.7142857142857143,0.825,0.6976744186046512,0.5335988870188657,0.8678571428571429,0.14854967594146729
lgbm,True,4,9,8,0.7377049180327869,0.7208333333333333,0.6086956521739131,0.6666666666666666,0.775,0.6363636363636364,0.4329906818712591,0.8535714285714285,0.17485977002331093
stacking,True,4,9,8,0.8360655737704918,0.8523809523809525,0.7037037037037037,0.9047619047619048,0.8,0.7916666666666666,0.674156495167981,0.9083333333333333,0.13258691361853087
lr_own_rfecv,True,4,9,14,0.8524590163934426,0.8761904761904762,0.7142857142857143,0.9523809523809523,0.8,0.8163265306122449,0.7173670909562075,0.905952380952381,0.1265552043196474
lr,False,4,10,16,0.7213114754098361,0.7309523809523809,0.5714285714285714,0.7619047619047619,0.7,0.6530612244897959,0.4404089102705831,0.7845238095238095,0.19393229164901524
svm,False,4,10,16,0.7213114754098361,0.6857142857142857,0.6,0.5714285714285714,0.8,0.5853658536585366,0.37593090031526627,0.7904761904761904,0.17476710026021258
knn,False,4,10,16,0.6557377049180327,0.5904761904761905,0.5,0.38095238095238093,0.8,0.43243243243243246,0.19545090995198308,0.7404761904761905,0.20365263811780285
nb,False,4,10,16,0.6721311475409836,0.6369047619047619,0.5238095238095238,0.5238095238095238,0.75,0.5238095238095238,0.27380952380952384,0.7428571428571429,0.3091695863561033
dt,False,4,10,16,0.7704918032786885,0.7797619047619048,0.6296296296296297,0.8095238095238095,0.75,0.7083333333333334,0.5352255958259309,0.7678571428571428,0.2093371046366523
rf,False,4,10,16,0.7377049180327869,0.7208333333333333,0.6086956521739131,0.6666666666666666,0.775,0.6363636363636364,0.4329906818712591,0.7869047619047619,0.18625831529694964
et,False,4,10,16,0.7049180327868853,0.661904761904762,0.5789473684210527,0.5238095238095238,0.8,0.55,0.3322215616275737,0.761904761904762,0.19268773527644242
gb,False,4,10,16,0.7213114754098361,0.674404761904762,0.6111111111111112,0.5238095238095238,0.825,0.5641025641025641,0.36337705176879853,0.8107142857142857,0.1770161591889226
xgb,False,4,10,16,0.7049180327868853,0.650595238095238,0.5882352941176471,0.47619047619047616,0.825,0.5263157894736842,0.31917589084973175,0.769047619047619,0.2044716626405716
lgbm,False,4,10,16,0.7049180327868853,0.661904761904762,0.5789473684210527,0.5238095238095238,0.8,0.55,0.3322215616275737,0.7857142857142857,0.20692589232787698
stacking,False,4,10,16,0.7213114754098361,0.7083333333333333,0.5833333333333334,0.6666666666666666,0.75,0.6222222222222222,0.40524896881636446,0.7797619047619047,0.19129639439709395
lr,True,4,10,16,0.7213114754098361,0.7309523809523809,0.5714285714285714,0.7619047619047619,0.7,0.6530612244897959,0.4404089102705831,0.7845238095238095,0.19393229164901524
svm,True,4,10,16,0.7213114754098361,0.6857142857142857,0.6,0.5714285714285714,0.8,0.5853658536585366,0.37593090031526627,0.7904761904761904,0.17476710026021258
knn,True,4,10,16,0.6557377049180327,0.5904761904761905,0.5,0.38095238095238093,0.8,0.43243243243243246,0.19545090995198308,0.7404761904761905,0.20365263811780285
nb,True,4,10,16,0.6721311475409836,0.6369047619047619,0.5238095238095238,0.5238095238095238,0.75,0.5238095238095238,0.27380952380952384,0.7428571428571429,0.3091695863561033
dt,True,4,10,16,0.7704918032786885,0.7797619047619048,0.6296296296296297,0.8095238095238095,0.75,0.7083333333333334,0.5352255958259309,0.7678571428571428,0.2093371046366523
rf,True,4,10,16,0.7377049180327869,0.7208333333333333,0.6086956521739131,0.6666666666666666,0.775,0.6363636363636364,0.4329906818712591,0.7869047619047619,0.18625831529694964
et,True,4,10,16,0.7049180327868853,0.661904761904762,0.5789473684210527,0.5238095238095238,0.8,0.55,0.3322215616275737,0.761904761904762,0.19268773527644242
gb,True,4,10,16,0.7213114754098361,0.674404761904762,0.6111111111111112,0.5238095238095238,0.825,0.5641025641025641,0.36337705176879853,0.8107142857142857,0.1770161591889226
xgb,True,4,10,16,0.7049180327868853,0.650595238095238,0.5882352941176471,0.47619047619047616,0.825,0.5263157894736842,0.31917589084973175,0.769047619047619,0.2044716626405716
lgbm,True,4,10,16,0.7049180327868853,0.661904761904762,0.5789473684210527,0.5238095238095238,0.8,0.55,0.3322215616275737,0.7857142857142857,0.20692589232787698
stacking,True,4,10,16,0.7213114754098361,0.7083333333333333,0.5833333333333334,0.6666666666666666,0.75,0.6222222222222222,0.40524896881636446,0.7797619047619047,0.19129639439709395
lr_own_rfecv,True,4,10,9,0.6885245901639344,0.6833333333333333,0.5384615384615384,0.6666666666666666,0.7,0.5957446808510638,0.3522819383711917,0.7797619047619047,0.19680652718001168
lr,False,5,1,16,0.8064516129032258,0.7988636363636363,0.7083333333333334,0.7727272727272727,0.825,0.7391304347826086,0.5871471929220984,0.8488636363636364,0.16112523528979647
svm,False,5,1,16,0.7419354838709677,0.7181818181818183,0.6363636363636364,0.6363636363636364,0.8,0.6363636363636364,0.43636363636363634,0.8204545454545454,0.16533715762708223
knn,False,5,1,16,0.7419354838709677,0.7181818181818183,0.6363636363636364,0.6363636363636364,0.8,0.6363636363636364,0.43636363636363634,0.803409090909091,0.17177682449355403
nb,False,5,1,16,0.7903225806451613,0.7556818181818181,0.7368421052631579,0.6363636363636364,0.875,0.6829268292682927,0.5307135174973308,0.8488636363636364,0.18322111528566637
dt,False,5,1,16,0.6612903225806451,0.6863636363636363,0.5151515151515151,0.7727272727272727,0.6,0.6181818181818182,0.35741809747092274,0.7414772727272727,0.21842894408764518
rf,False,5,1,16,0.6774193548387096,0.6579545454545455,0.5416666666666666,0.5909090909090909,0.725,0.5652173913043478,0.3103173377040748,0.7818181818181819,0.1855098603572851
et,False,5,1,16,0.7258064516129032,0.7159090909090908,0.6,0.6818181818181818,0.75,0.6382978723404256,0.421183543595399,0.7977272727272727,0.17842819296255322
gb,False,5,1,16,0.7419354838709677,0.6977272727272728,0.6666666666666666,0.5454545454545454,0.85,0.6,0.41684569156765,0.8022727272727272,0.18420370904504807
xgb,False,5,1,16,0.7096774193548387,0.6727272727272727,0.6,0.5454545454545454,0.8,0.5714285714285714,0.3535839999514189,0.7761363636363636,0.20101574063301086
lgbm,False,5,1,16,0.6451612903225806,0.6125,0.5,0.5,0.725,0.5,0.225,0.7170454545454545,0.25514408246918996
stacking,False,5,1,16,0.7580645161290323,0.7715909090909091,0.6206896551724138,0.8181818181818182,0.725,0.7058823529411765,0.5208714957045764,0.8397727272727273,0.16615658190150479
lr,True,5,1,8,0.7741935483870968,0.7636363636363637,0.6666666666666666,0.7272727272727273,0.8,0.6956521739130435,0.5179397291175925,0.8420454545454545,0.1656840540447601
svm,True,5,1,8,0.7741935483870968,0.7329545454545454,0.7222222222222222,0.5909090909090909,0.875,0.65,0.4911113032837256,0.8295454545454545,0.1602018369261137
knn,True,5,1,8,0.7258064516129032,0.6852272727272727,0.631578947368421,0.5454545454545454,0.825,0.5853658536585366,0.38447245934251073,0.7772727272727272,0.18054355698249822
nb,True,5,1,8,0.7903225806451613,0.7556818181818181,0.7368421052631579,0.6363636363636364,0.875,0.6829268292682927,0.5307135174973308,0.8363636363636363,0.1729166380960275
dt,True,5,1,8,0.7096774193548387,0.7443181818181819,0.5588235294117647,0.8636363636363636,0.625,0.6785714285714286,0.46979527586205794,0.8153409090909092,0.18501119356193488
rf,True,5,1,8,0.6774193548387096,0.6579545454545455,0.5416666666666666,0.5909090909090909,0.725,0.5652173913043478,0.3103173377040748,0.7681818181818182,0.1911494456073616
et,True,5,1,8,0.7258064516129032,0.7159090909090908,0.6,0.6818181818181818,0.75,0.6382978723404256,0.421183543595399,0.8079545454545455,0.1731786290815876
gb,True,5,1,8,0.6774193548387096,0.6170454545454546,0.5625,0.4090909090909091,0.825,0.47368421052631576,0.2559687673944283,0.7772727272727273,0.19697414110599318
xgb,True,5,1,8,0.6451612903225806,0.6125,0.5,0.5,0.725,0.5,0.225,0.7636363636363636,0.20706336200237274
lgbm,True,5,1,8,0.6290322580645161,0.6,0.4782608695652174,0.5,0.7,0.4888888888888889,0.19809572812856682,0.7068181818181818,0.2668979354509408
stacking,True,5,1,8,0.7580645161290323,0.7613636363636364,0.6296296296296297,0.7727272727272727,0.75,0.6938775510204082,0.5044296328024895,0.8261363636363637,0.1720789629162697
lr_own_rfecv,True,5,1,11,0.7903225806451613,0.7863636363636364,0.68,0.7727272727272727,0.8,0.723404255319149,0.5586223841370556,0.8568181818181819,0.15879067124157778
lr,False,5,2,16,0.7741935483870968,0.7738636363636364,0.6538461538461539,0.7727272727272727,0.775,0.7083333333333334,0.5310895765368948,0.8784090909090909,0.14475359249506473
svm,False,5,2,16,0.8064516129032258,0.7784090909090908,0.75,0.6818181818181818,0.875,0.7142857142857143,0.5699215788690635,0.8659090909090909,0.14730631435345667
knn,False,5,2,16,0.8064516129032258,0.7784090909090908,0.75,0.6818181818181818,0.875,0.7142857142857143,0.5699215788690635,0.9113636363636363,0.11976232241037384
nb,False,5,2,16,0.8548387096774194,0.8261363636363637,0.8421052631578947,0.7272727272727273,0.925,0.7804878048780488,0.6769545756521509,0.9045454545454545,0.1379556194148313
dt,False,5,2,16,0.7096774193548387,0.7238636363636364,0.5666666666666667,0.7727272727272727,0.675,0.6538461538461539,0.4286662277909059,0.7579545454545454,0.21030867258026947
rf,False,5,2,16,0.7580645161290323,0.7511363636363637,0.64,0.7272727272727273,0.775,0.6808510638297872,0.4899029638662273,0.85,0.15139401542893804
et,False,5,2,16,0.7741935483870968,0.7636363636363637,0.6666666666666666,0.7272727272727273,0.8,0.6956521739130435,0.5179397291175925,0.8863636363636364,0.1388711417540268
gb,False,5,2,16,0.7741935483870968,0.7636363636363637,0.6666666666666666,0.7272727272727273,0.8,0.6956521739130435,0.5179397291175925,0.8772727272727272,0.1368583546244639
xgb,False,5,2,16,0.7419354838709677,0.7181818181818183,0.6363636363636364,0.6363636363636364,0.8,0.6363636363636364,0.43636363636363634,0.8488636363636364,0.15738168358802795
lgbm,False,5,2,16,0.7580645161290323,0.7306818181818182,0.6666666666666666,0.6363636363636364,0.825,0.6511627906976745,0.46642639786653944,0.846590909090909,0.1810854365116563
stacking,False,5,2,16,0.7258064516129032,0.7363636363636363,0.5862068965517241,0.7727272727272727,0.7,0.6666666666666666,0.45331075776799956,0.8897727272727273,0.1474479963208408
lr,True,5,2,16,0.7741935483870968,0.7738636363636364,0.6538461538461539,0.7727272727272727,0.775,0.7083333333333334,0.5310895765368948,0.8784090909090909,0.14475359249506473
svm,True,5,2,16,0.8064516129032258,0.7784090909090908,0.75,0.6818181818181818,0.875,0.7142857142857143,0.5699215788690635,0.8659090909090909,0.14730631435345667
knn,True,5,2,16,0.8064516129032258,0.7784090909090908,0.75,0.6818181818181818,0.875,0.7142857142857143,0.5699215788690635,0.9113636363636363,0.11976232241037384
nb,True,5,2,16,0.8548387096774194,0.8261363636363637,0.8421052631578947,0.7272727272727273,0.925,0.7804878048780488,0.6769545756521509,0.9045454545454545,0.1379556194148313
dt,True,5,2,16,0.7096774193548387,0.7238636363636364,0.5666666666666667,0.7727272727272727,0.675,0.6538461538461539,0.4286662277909059,0.7579545454545454,0.21030867258026947
rf,True,5,2,16,0.7580645161290323,0.7511363636363637,0.64,0.7272727272727273,0.775,0.6808510638297872,0.4899029638662273,0.85,0.15139401542893804
et,True,5,2,16,0.7741935483870968,0.7636363636363637,0.6666666666666666,0.7272727272727273,0.8,0.6956521739130435,0.5179397291175925,0.8863636363636364,0.1388711417540268
gb,True,5,2,16,0.7741935483870968,0.7636363636363637,0.6666666666666666,0.7272727272727273,0.8,0.6956521739130435,0.5179397291175925,0.8772727272727272,0.1368583546244639
xgb,True,5,2,16,0.7419354838709677,0.7181818181818183,0.6363636363636364,0.6363636363636364,0.8,0.6363636363636364,0.43636363636363634,0.8488636363636364,0.15738168358802795
lgbm,True,5,2,16,0.7580645161290323,0.7306818181818182,0.6666666666666666,0.6363636363636364,0.825,0.6511627906976745,0.46642639786653944,0.846590909090909,0.1810854365116563
stacking,True,5,2,16,0.7258064516129032,0.7363636363636363,0.5862068965517241,0.7727272727272727,0.7,0.6666666666666666,0.45331075776799956,0.8897727272727273,0.1474479963208408
lr_own_rfecv,True,5,2,4,0.7258064516129032,0.7261363636363636,0.5925925925925926,0.7272727272727273,0.725,0.6530612244897959,0.4364412909899801,0.8647727272727272,0.14961489045819273
lr,False,5,3,16,0.6129032258064516,0.6284090909090909,0.46875,0.6818181818181818,0.575,0.5555555555555556,0.2458846890374232,0.7556818181818181,0.22947726332125523
svm,False,5,3,16,0.6935483870967742,0.6806818181818182,0.56,0.6363636363636364,0.725,0.5957446808510638,0.3524641233245708,0.7284090909090909,0.21858782944078642
knn,False,5,3,16,0.6935483870967742,0.6806818181818182,0.56,0.6363636363636364,0.725,0.5957446808510638,0.3524641233245708,0.7715909090909091,0.2041006881996902
nb,False,5,3,16,0.7096774193548387,0.6931818181818181,0.5833333333333334,0.6363636363636364,0.75,0.6086956521739131,0.3795248015085807,0.7795454545454545,0.24189481272276217
dt,False,5,3,16,0.6451612903225806,0.6636363636363636,0.5,0.7272727272727273,0.6,0.5925925925925926,0.3133397807202561,0.7630681818181819,0.25897138103303896
rf,False,5,3,16,0.6129032258064516,0.6181818181818182,0.4666666666666667,0.6363636363636364,0.6,0.5384615384615384,0.2263009527424072,0.7386363636363636,0.24075725271080486
et,False,5,3,16,0.6129032258064516,0.6181818181818182,0.4666666666666667,0.6363636363636364,0.6,0.5384615384615384,0.2263009527424072,0.7670454545454546,0.2185490782857948
gb,False,5,3,16,0.6451612903225806,0.6431818181818182,0.5,0.6363636363636364,0.65,0.56,0.2753218825982293,0.7704545454545455,0.2177843027829355
xgb,False,5,3,16,0.6451612903225806,0.6431818181818182,0.5,0.6363636363636364,0.65,0.56,0.2753218825982293,0.7431818181818182,0.25170594453811646
lgbm,False,5,3,16,0.6451612903225806,0.6431818181818182,0.5,0.6363636363636364,0.65,0.56,0.2753218825982293,0.7397727272727272,0.29750849871391627
stacking,False,5,3,16,0.5967741935483871,0.615909090909091,0.45454545454545453,0.6818181818181818,0.55,0.5454545454545454,0.222296621597769,0.775,0.23653194565718463
lr,True,5,3,12,0.6451612903225806,0.6534090909090908,0.5,0.6818181818181818,0.625,0.5769230769230769,0.2937560444252401,0.7909090909090909,0.1994244472747589
svm,True,5,3,12,0.6451612903225806,0.6329545454545455,0.5,0.5909090909090909,0.675,0.5416666666666666,0.25783186910712325,0.7306818181818182,0.21875640973551624
knn,True,5,3,12,0.6935483870967742,0.6806818181818182,0.56,0.6363636363636364,0.725,0.5957446808510638,0.3524641233245708,0.740909090909091,0.20707390658686503
nb,True,5,3,12,0.7419354838709677,0.7284090909090909,0.625,0.6818181818181818,0.775,0.6521739130434783,0.4487322653130866,0.7704545454545455,0.24118828134817336
dt,True,5,3,12,0.6451612903225806,0.6636363636363636,0.5,0.7272727272727273,0.6,0.5925925925925926,0.3133397807202561,0.7630681818181819,0.2589713810330389
rf,True,5,3,12,0.6290322580645161,0.6409090909090909,0.4838709677419355,0.6818181818181818,0.6,0.5660377358490566,0.26967994498529685,0.7477272727272727,0.23589722333718602
et,True,5,3,12,0.6129032258064516,0.6284090909090909,0.46875,0.6818181818181818,0.575,0.5555555555555556,0.2458846890374232,0.7522727272727272,0.2189836952808614
gb,True,5,3,12,0.6129032258064516,0.5977272727272727,0.46153846153846156,0.5454545454545454,0.65,0.5,0.1895174422496803,0.7681818181818181,0.22178909804238897
xgb,True,5,3,12,0.6451612903225806,0.6329545454545455,0.5,0.5909090909090909,0.675,0.5416666666666666,0.25783186910712325,0.75,0.23786041140556335
lgbm,True,5,3,12,0.6612903225806451,0.6454545454545455,0.52,0.5909090909090909,0.7,0.5531914893617021,0.2837447030537425,0.7431818181818182,0.2756149280634111
stacking,True,5,3,12,0.5967741935483871,0.615909090909091,0.45454545454545453,0.6818181818181818,0.55,0.5454545454545454,0.222296621597769,0.7704545454545455,0.23430335343960723
lr_own_rfecv,True,5,3,14,0.6290322580645161,0.6409090909090909,0.4838709677419355,0.6818181818181818,0.6,0.5660377358490566,0.26967994498529685,0.7579545454545455,0.22674530420785827
lr,False,5,4,16,0.8064516129032258,0.7988636363636363,0.7083333333333334,0.7727272727272727,0.825,0.7391304347826086,0.5871471929220984,0.8999999999999999,0.131006493266257
svm,False,5,4,16,0.8709677419354839,0.8386363636363636,0.8888888888888888,0.7272727272727273,0.95,0.8,0.7139081384319523,0.9329545454545455,0.11546665738967657
knn,False,5,4,16,0.8225806451612904,0.7602272727272728,0.9230769230769231,0.5454545454545454,0.975,0.6857142857142857,0.6117224591769619,0.9011363636363636,0.13694267399842386
nb,False,5,4,16,0.7903225806451613,0.725,0.8461538461538461,0.5,0.95,0.6285714285714286,0.5289128686333557,0.8795454545454546,0.179837579517748
dt,False,5,4,16,0.7903225806451613,0.7965909090909091,0.6666666666666666,0.8181818181818182,0.775,0.7346938775510204,0.572417974614999,0.8386363636363636,0.156912102513339
rf,False,5,4,16,0.8709677419354839,0.8488636363636364,0.85,0.7727272727272727,0.925,0.8095238095238095,0.7141466314808264,0.9011363636363636,0.13383485555973113
et,False,5,4,16,0.8548387096774194,0.8159090909090909,0.8823529411764706,0.6818181818181818,0.95,0.7692307692307693,0.677645779691141,0.9295454545454546,0.12233772843204044
gb,False,5,4,16,0.7903225806451613,0.725,0.8461538461538461,0.5,0.95,0.6285714285714286,0.5289128686333557,0.9159090909090909,0.12361532411266327
xgb,False,5,4,16,0.8225806451612904,0.7806818181818183,0.8235294117647058,0.6363636363636364,0.925,0.717948717948718,0.6020809625313376,0.8897727272727273,0.13061237335205078
lgbm,False,5,4,16,0.8225806451612904,0.7909090909090909,0.7894736842105263,0.6818181818181818,0.9,0.7317073170731707,0.6038340465747408,0.8772727272727273,0.1349025852881147
stacking,False,5,4,16,0.8225806451612904,0.821590909090909,0.72,0.8181818181818182,0.825,0.7659574468085106,0.6273418044078838,0.9136363636363636,0.13038254859158677
lr,True,5,4,11,0.8387096774193549,0.8136363636363637,0.8,0.7272727272727273,0.9,0.7619047619047619,0.642034105174945,0.8886363636363637,0.1348451452592003
svm,True,5,4,11,0.8548387096774194,0.8159090909090909,0.8823529411764706,0.6818181818181818,0.95,0.7692307692307693,0.677645779691141,0.9295454545454546,0.11856081454326534
knn,True,5,4,11,0.8064516129032258,0.7579545454545455,0.8125,0.5909090909090909,0.925,0.6842105263157895,0.5641253417333517,0.9204545454545455,0.13006919402393147
nb,True,5,4,11,0.7419354838709677,0.6875,0.6875,0.5,0.875,0.5789473684210527,0.41004705456388996,0.865909090909091,0.20668399322554573
dt,True,5,4,11,0.8064516129032258,0.8090909090909091,0.6923076923076923,0.8181818181818182,0.8,0.75,0.5994040033943377,0.8488636363636364,0.1494005321168957
rf,True,5,4,11,0.8387096774193549,0.8136363636363637,0.8,0.7272727272727273,0.9,0.7619047619047619,0.642034105174945,0.8965909090909091,0.13372468783509026
et,True,5,4,11,0.8225806451612904,0.8011363636363636,0.7619047619047619,0.7272727272727273,0.875,0.7441860465116279,0.6088817509095219,0.9136363636363636,0.12512957712219497
gb,True,5,4,11,0.7903225806451613,0.725,0.8461538461538461,0.5,0.95,0.6285714285714286,0.5289128686333557,0.8920454545454546,0.1348483599356026
xgb,True,5,4,11,0.8064516129032258,0.7579545454545455,0.8125,0.5909090909090909,0.925,0.6842105263157895,0.5641253417333517,0.8670454545454546,0.14488179981708527
lgbm,True,5,4,11,0.7903225806451613,0.7454545454545455,0.7647058823529411,0.5909090909090909,0.9,0.6666666666666666,0.526516145371534,0.8613636363636363,0.15184971260225483
stacking,True,5,4,11,0.8225806451612904,0.8113636363636363,0.7391304347826086,0.7727272727272727,0.85,0.7555555555555555,0.6167980625821285,0.9090909090909092,0.12862317276802085
lr_own_rfecv,True,5,4,13,0.7903225806451613,0.7863636363636364,0.68,0.7727272727272727,0.8,0.723404255319149,0.5586223841370556,0.8988636363636363,0.13044139381153197
lr,False,5,5,16,0.8688524590163934,0.8773809523809524,0.76,0.9047619047619048,0.85,0.8260869565217391,0.7291692743717543,0.9190476190476191,0.12315379282260767
svm,False,5,5,16,0.7868852459016393,0.7583333333333333,0.7,0.6666666666666666,0.85,0.6829268292682927,0.5229295215923896,0.8809523809523809,0.13800125175259179
knn,False,5,5,16,0.8032786885245902,0.7708333333333333,0.7368421052631579,0.6666666666666666,0.875,0.7,0.5557382740461251,0.8928571428571429,0.12666394064665543
nb,False,5,5,16,0.8360655737704918,0.8071428571428572,0.7894736842105263,0.7142857142857143,0.9,0.75,0.6302438448523089,0.9059523809523811,0.15022315464965091
dt,False,5,5,16,0.7377049180327869,0.7547619047619047,0.5862068965517241,0.8095238095238095,0.7,0.68,0.48476375164577645,0.7904761904761903,0.2005142373853895
rf,False,5,5,16,0.8360655737704918,0.8410714285714285,0.72,0.8571428571428571,0.825,0.782608695652174,0.6590126091719483,0.9035714285714286,0.12849287190282407
et,False,5,5,16,0.8032786885245902,0.7821428571428571,0.7142857142857143,0.7142857142857143,0.85,0.7142857142857143,0.5642857142857143,0.9035714285714286,0.12807178537850486
gb,False,5,5,16,0.8032786885245902,0.7821428571428571,0.7142857142857143,0.7142857142857143,0.85,0.7142857142857143,0.5642857142857143,0.8928571428571429,0.1257348120049912
xgb,False,5,5,16,0.8524590163934426,0.8422619047619048,0.7727272727272727,0.8095238095238095,0.875,0.7906976744186046,0.6773054305427103,0.8785714285714286,0.1332700401544571
lgbm,False,5,5,16,0.7704918032786885,0.7684523809523809,0.64,0.7619047619047619,0.775,0.6956521739130435,0.5186992787723362,0.8619047619047618,0.15652016839275643
stacking,False,5,5,16,0.7868852459016393,0.7922619047619048,0.6538461538461539,0.8095238095238095,0.775,0.723404255319149,0.5615923108449842,0.9154761904761904,0.13219380067441472
lr,True,5,5,15,0.8360655737704918,0.8297619047619047,0.7391304347826086,0.8095238095238095,0.85,0.7727272727272727,0.6465682958401012,0.9154761904761906,0.12685108130340012
svm,True,5,5,15,0.7213114754098361,0.6970238095238095,0.5909090909090909,0.6190476190476191,0.775,0.6046511627906976,0.38989234349502105,0.8476190476190476,0.1507052817425105
knn,True,5,5,15,0.7868852459016393,0.7696428571428571,0.6818181818181818,0.7142857142857143,0.825,0.6976744186046512,0.5335988870188657,0.8607142857142857,0.1452122887254163
nb,True,5,5,15,0.8524590163934426,0.8196428571428571,0.8333333333333334,0.7142857142857143,0.925,0.7692307692307693,0.6659845624568083,0.9071428571428573,0.15115425086420892
dt,True,5,5,15,0.7377049180327869,0.7547619047619047,0.5862068965517241,0.8095238095238095,0.7,0.68,0.48476375164577645,0.7904761904761903,0.2005142373853895
rf,True,5,5,15,0.8360655737704918,0.8410714285714285,0.72,0.8571428571428571,0.825,0.782608695652174,0.6590126091719483,0.9023809523809523,0.12910370627927684
et,True,5,5,15,0.7868852459016393,0.7696428571428571,0.6818181818181818,0.7142857142857143,0.825,0.6976744186046512,0.5335988870188657,0.8904761904761904,0.13769278060244727
gb,True,5,5,15,0.8032786885245902,0.7821428571428571,0.7142857142857143,0.7142857142857143,0.85,0.7142857142857143,0.5642857142857143,0.8892857142857142,0.12645349416570384
xgb,True,5,5,15,0.7540983606557377,0.7333333333333334,0.6363636363636364,0.6666666666666666,0.8,0.6511627906976745,0.4617456152569434,0.8690476190476191,0.1401405781507492
lgbm,True,5,5,15,0.7704918032786885,0.7684523809523809,0.64,0.7619047619047619,0.775,0.6956521739130435,0.5186992787723362,0.8619047619047618,0.15652016839275643
stacking,True,5,5,15,0.8032786885245902,0.8160714285714286,0.6666666666666666,0.8571428571428571,0.775,0.75,0.604691045496956,0.8904761904761905,0.14300557055098426
lr_own_rfecv,True,5,5,3,0.8032786885245902,0.7821428571428571,0.7142857142857143,0.7142857142857143,0.85,0.7142857142857143,0.5642857142857143,0.8845238095238095,0.13752885081969626
lr,False,5,6,16,0.819672131147541,0.7946428571428572,0.75,0.7142857142857143,0.875,0.7317073170731707,0.5964288322309513,0.8738095238095238,0.15293845315946247
svm,False,5,6,16,0.8032786885245902,0.7708333333333333,0.7368421052631579,0.6666666666666666,0.875,0.7,0.5557382740461251,0.8690476190476191,0.14407509540207605
knn,False,5,6,16,0.7540983606557377,0.6994047619047619,0.6875,0.5238095238095238,0.875,0.5945945945945946,0.4307635186441732,0.8226190476190476,0.16733323882739665
nb,False,5,6,16,0.7213114754098361,0.6630952380952381,0.625,0.47619047619047616,0.85,0.5405405405405406,0.35232598241344315,0.8369047619047619,0.24506371035033683
dt,False,5,6,16,0.7213114754098361,0.7309523809523809,0.5714285714285714,0.7619047619047619,0.7,0.6530612244897959,0.4404089102705831,0.7857142857142856,0.2004671651217221
rf,False,5,6,16,0.8524590163934426,0.8535714285714285,0.75,0.8571428571428571,0.85,0.8,0.6877653927912014,0.875,0.15020666348267422
et,False,5,6,16,0.7540983606557377,0.7220238095238095,0.65,0.6190476190476191,0.825,0.6341463414634146,0.44943021095382796,0.855952380952381,0.158903280885796
gb,False,5,6,16,0.7213114754098361,0.6517857142857143,0.6428571428571429,0.42857142857142855,0.875,0.5142857142857142,0.3429948431686623,0.8702380952380953,0.15960385445469283
xgb,False,5,6,16,0.7213114754098361,0.6630952380952381,0.625,0.47619047619047616,0.85,0.5405405405405406,0.35232598241344315,0.8571428571428571,0.16614922881126404
lgbm,False,5,6,16,0.7213114754098361,0.674404761904762,0.6111111111111112,0.5238095238095238,0.825,0.5641025641025641,0.36337705176879853,0.8404761904761905,0.1812488257863666
stacking,False,5,6,16,0.819672131147541,0.805952380952381,0.7272727272727273,0.7619047619047619,0.85,0.7441860465116279,0.6054521587807881,0.8702380952380953,0.15141407751305688
lr,True,5,6,13,0.7868852459016393,0.7583333333333333,0.7,0.6666666666666666,0.85,0.6829268292682927,0.5229295215923896,0.875,0.1527777105873953
svm,True,5,6,13,0.7704918032786885,0.7345238095238096,0.6842105263157895,0.6190476190476191,0.85,0.65,0.48123270323994133,0.888095238095238,0.1363085670362575
knn,True,5,6,13,0.7377049180327869,0.6642857142857143,0.6923076923076923,0.42857142857142855,0.9,0.5294117647058824,0.38122128787578263,0.8392857142857143,0.15836729910298109
nb,True,5,6,13,0.7213114754098361,0.6630952380952381,0.625,0.47619047619047616,0.85,0.5405405405405406,0.35232598241344315,0.8464285714285715,0.22954700420512344
dt,True,5,6,13,0.7213114754098361,0.7309523809523809,0.5714285714285714,0.7619047619047619,0.7,0.6530612244897959,0.4404089102705831,0.7857142857142856,0.2004671651217221
rf,True,5,6,13,0.8360655737704918,0.8297619047619047,0.7391304347826086,0.8095238095238095,0.85,0.7727272727272727,0.6465682958401012,0.8738095238095238,0.1496757722293949
et,True,5,6,13,0.8032786885245902,0.7708333333333333,0.7368421052631579,0.6666666666666666,0.875,0.7,0.5557382740461251,0.8916666666666667,0.1448623456460779
gb,True,5,6,13,0.7213114754098361,0.6517857142857143,0.6428571428571429,0.42857142857142855,0.875,0.5142857142857142,0.3429948431686623,0.8773809523809524,0.1550159533108549
xgb,True,5,6,13,0.7049180327868853,0.6392857142857142,0.6,0.42857142857142855,0.85,0.5,0.3073630584332493,0.8488095238095239,0.16344644129276276
lgbm,True,5,6,13,0.7213114754098361,0.6857142857142857,0.6,0.5714285714285714,0.8,0.5853658536585366,0.37593090031526627,0.8357142857142857,0.18524977967405357
stacking,True,5,6,13,0.8360655737704918,0.8410714285714285,0.72,0.8571428571428571,0.825,0.782608695652174,0.6590126091719483,0.8952380952380953,0.14315903195405946
lr_own_rfecv,True,5,6,9,0.8360655737704918,0.8184523809523809,0.7619047619047619,0.7619047619047619,0.875,0.7619047619047619,0.6369047619047619,0.875,0.15202365450673797
lr,False,5,7,16,0.7540983606557377,0.7333333333333334,0.6363636363636364,0.6666666666666666,0.8,0.6511627906976745,0.4617456152569434,0.8,0.1771988046173376
svm,False,5,7,16,0.8032786885245902,0.7708333333333333,0.7368421052631579,0.6666666666666666,0.875,0.7,0.5557382740461251,0.8202380952380952,0.16666405486980518
knn,False,5,7,16,0.7377049180327869,0.6755952380952381,0.6666666666666666,0.47619047619047616,0.875,0.5555555555555556,0.3874876164008912,0.7714285714285714,0.1861243260314433
nb,False,5,7,16,0.7377049180327869,0.7095238095238096,0.6190476190476191,0.6190476190476191,0.8,0.6190476190476191,0.41904761904761906,0.7607142857142857,0.2493430634377144
dt,False,5,7,16,0.7049180327868853,0.7071428571428571,0.5555555555555556,0.7142857142857143,0.7,0.625,0.39629469648388077,0.7452380952380953,0.2218111753066972
rf,False,5,7,16,0.7704918032786885,0.7458333333333333,0.6666666666666666,0.6666666666666666,0.825,0.6666666666666666,0.49166666666666664,0.7928571428571428,0.17495097779614607
et,False,5,7,16,0.7704918032786885,0.7345238095238096,0.6842105263157895,0.6190476190476191,0.85,0.65,0.48123270323994133,0.7833333333333334,0.17817519867732542
gb,False,5,7,16,0.7540983606557377,0.7107142857142856,0.6666666666666666,0.5714285714285714,0.85,0.6153846153846154,0.43902892944080096,0.8023809523809524,0.17043035563023062
xgb,False,5,7,16,0.7540983606557377,0.7107142857142856,0.6666666666666666,0.5714285714285714,0.85,0.6153846153846154,0.43902892944080096,0.7607142857142858,0.20373544096946716
lgbm,False,5,7,16,0.7540983606557377,0.7220238095238095,0.65,0.6190476190476191,0.825,0.6341463414634146,0.44943021095382796,0.8023809523809524,0.19870252242406194
stacking,False,5,7,16,0.7868852459016393,0.7583333333333333,0.7,0.6666666666666666,0.85,0.6829268292682927,0.5229295215923896,0.7988095238095239,0.17166728316219185
lr,True,5,7,16,0.7540983606557377,0.7333333333333334,0.6363636363636364,0.6666666666666666,0.8,0.6511627906976745,0.4617456152569434,0.8,0.1771988046173376
svm,True,5,7,16,0.8032786885245902,0.7708333333333333,0.7368421052631579,0.6666666666666666,0.875,0.7,0.5557382740461251,0.8202380952380952,0.16666405486980518
knn,True,5,7,16,0.7377049180327869,0.6755952380952381,0.6666666666666666,0.47619047619047616,0.875,0.5555555555555556,0.3874876164008912,0.7714285714285714,0.1861243260314433
nb,True,5,7,16,0.7377049180327869,0.7095238095238096,0.6190476190476191,0.6190476190476191,0.8,0.6190476190476191,0.41904761904761906,0.7607142857142857,0.2493430634377144
dt,True,5,7,16,0.7049180327868853,0.7071428571428571,0.5555555555555556,0.7142857142857143,0.7,0.625,0.39629469648388077,0.7452380952380953,0.2218111753066972
rf,True,5,7,16,0.7704918032786885,0.7458333333333333,0.6666666666666666,0.6666666666666666,0.825,0.6666666666666666,0.49166666666666664,0.7928571428571428,0.17495097779614607
et,True,5,7,16,0.7704918032786885,0.7345238095238096,0.6842105263157895,0.6190476190476191,0.85,0.65,0.48123270323994133,0.7833333333333334,0.17817519867732548
gb,True,5,7,16,0.7540983606557377,0.7107142857142856,0.6666666666666666,0.5714285714285714,0.85,0.6153846153846154,0.43902892944080096,0.8023809523809524,0.17043035563023062
xgb,True,5,7,16,0.7540983606557377,0.7107142857142856,0.6666666666666666,0.5714285714285714,0.85,0.6153846153846154,0.43902892944080096,0.7607142857142858,0.20373544096946716
lgbm,True,5,7,16,0.7540983606557377,0.7220238095238095,0.65,0.6190476190476191,0.825,0.6341463414634146,0.44943021095382796,0.8023809523809524,0.19870252242406194
stacking,True,5,7,16,0.7868852459016393,0.7583333333333333,0.7,0.6666666666666666,0.85,0.6829268292682927,0.5229295215923896,0.7988095238095239,0.17166728316219185
lr_own_rfecv,True,5,7,10,0.7704918032786885,0.7458333333333333,0.6666666666666666,0.6666666666666666,0.825,0.6666666666666666,0.49166666666666664,0.8011904761904762,0.17490740313559572
lr,False,5,8,16,0.7868852459016393,0.7696428571428571,0.6818181818181818,0.7142857142857143,0.825,0.6976744186046512,0.5335988870188657,0.8666666666666667,0.1492897690997679
svm,False,5,8,16,0.8360655737704918,0.8071428571428572,0.7894736842105263,0.7142857142857143,0.9,0.75,0.6302438448523089,0.8654761904761904,0.1417833682316521
knn,False,5,8,16,0.8032786885245902,0.7821428571428571,0.7142857142857143,0.7142857142857143,0.85,0.7142857142857143,0.5642857142857143,0.8440476190476189,0.14277502062267944
nb,False,5,8,16,0.819672131147541,0.805952380952381,0.7272727272727273,0.7619047619047619,0.85,0.7441860465116279,0.6054521587807881,0.8964285714285714,0.1721614434212819
dt,False,5,8,16,0.8032786885245902,0.8047619047619048,0.68,0.8095238095238095,0.8,0.7391304347826086,0.5888559439721422,0.8696428571428573,0.14539253181926276
rf,False,5,8,16,0.8360655737704918,0.8184523809523809,0.7619047619047619,0.7619047619047619,0.875,0.7619047619047619,0.6369047619047619,0.8809523809523809,0.13287443417335665
et,False,5,8,16,0.819672131147541,0.805952380952381,0.7272727272727273,0.7619047619047619,0.85,0.7441860465116279,0.6054521587807881,0.8726190476190476,0.13665714206236856
gb,False,5,8,16,0.8032786885245902,0.7708333333333333,0.7368421052631579,0.6666666666666666,0.875,0.7,0.5557382740461251,0.8488095238095238,0.14795671844999683
xgb,False,5,8,16,0.819672131147541,0.7833333333333333,0.7777777777777778,0.6666666666666666,0.9,0.717948717948718,0.5903326847848058,0.8666666666666667,0.1372174471616745
lgbm,False,5,8,16,0.8360655737704918,0.8184523809523809,0.7619047619047619,0.7619047619047619,0.875,0.7619047619047619,0.6369047619047619,0.8404761904761905,0.15578280390671184
stacking,False,5,8,16,0.8032786885245902,0.7934523809523809,0.6956521739130435,0.7619047619047619,0.825,0.7272727272727273,0.5753757578504872,0.8738095238095238,0.1409784078712212
lr,True,5,8,15,0.7868852459016393,0.7696428571428571,0.6818181818181818,0.7142857142857143,0.825,0.6976744186046512,0.5335988870188657,0.8630952380952381,0.1509884554978233
svm,True,5,8,15,0.8360655737704918,0.8071428571428572,0.7894736842105263,0.7142857142857143,0.9,0.75,0.6302438448523089,0.8750000000000001,0.14139764972859778
knn,True,5,8,15,0.819672131147541,0.805952380952381,0.7272727272727273,0.7619047619047619,0.85,0.7441860465116279,0.6054521587807881,0.8357142857142857,0.15022028761114192
nb,True,5,8,15,0.819672131147541,0.805952380952381,0.7272727272727273,0.7619047619047619,0.85,0.7441860465116279,0.6054521587807881,0.8976190476190475,0.16040019992591842
dt,True,5,8,15,0.819672131147541,0.8172619047619047,0.7083333333333334,0.8095238095238095,0.825,0.7555555555555555,0.6171362867974921,0.8946428571428571,0.12899908919631195
rf,True,5,8,15,0.8360655737704918,0.8184523809523809,0.7619047619047619,0.7619047619047619,0.875,0.7619047619047619,0.6369047619047619,0.8857142857142857,0.13407206460273408
et,True,5,8,15,0.8360655737704918,0.8184523809523809,0.7619047619047619,0.7619047619047619,0.875,0.7619047619047619,0.6369047619047619,0.875,0.1326564973799472
gb,True,5,8,15,0.8524590163934426,0.8196428571428571,0.8333333333333334,0.7142857142857143,0.925,0.7692307692307693,0.6659845624568083,0.8476190476190476,0.144510120862123
xgb,True,5,8,15,0.8360655737704918,0.8071428571428572,0.7894736842105263,0.7142857142857143,0.9,0.75,0.6302438448523089,0.8630952380952381,0.14165054261684418
lgbm,True,5,8,15,0.819672131147541,0.7946428571428572,0.75,0.7142857142857143,0.875,0.7317073170731707,0.5964288322309513,0.844047619047619,0.15696388829910232
stacking,True,5,8,15,0.8032786885245902,0.7934523809523809,0.6956521739130435,0.7619047619047619,0.825,0.7272727272727273,0.5753757578504872,0.8714285714285714,0.14189588868710104
lr_own_rfecv,True,5,8,12,0.7868852459016393,0.7696428571428571,0.6818181818181818,0.7142857142857143,0.825,0.6976744186046512,0.5335988870188657,0.8666666666666667,0.1497975948403331
lr,False,5,9,16,0.7704918032786885,0.7684523809523809,0.64,0.7619047619047619,0.775,0.6956521739130435,0.5186992787723362,0.8309523809523809,0.165663019403788
svm,False,5,9,16,0.7377049180327869,0.6982142857142857,0.631578947368421,0.5714285714285714,0.825,0.6,0.4067271324337575,0.8452380952380952,0.1563137497215723
knn,False,5,9,16,0.7377049180327869,0.6982142857142857,0.631578947368421,0.5714285714285714,0.825,0.6,0.4067271324337575,0.8,0.1706300178003255
nb,False,5,9,16,0.6885245901639344,0.6607142857142857,0.5454545454545454,0.5714285714285714,0.75,0.5581395348837209,0.31803907173309875,0.8011904761904762,0.2404381351081606
dt,False,5,9,16,0.7540983606557377,0.7559523809523809,0.6153846153846154,0.7619047619047619,0.75,0.6808510638297872,0.49182218668705335,0.8339285714285714,0.16010223505905966
rf,False,5,9,16,0.7540983606557377,0.7446428571428572,0.625,0.7142857142857143,0.775,0.6666666666666666,0.47587807481007366,0.8523809523809524,0.1493448405376756
et,False,5,9,16,0.7377049180327869,0.7208333333333333,0.6086956521739131,0.6666666666666666,0.775,0.6363636363636364,0.4329906818712591,0.8357142857142856,0.1600236353713302
gb,False,5,9,16,0.7213114754098361,0.6517857142857143,0.6428571428571429,0.42857142857142855,0.875,0.5142857142857142,0.3429948431686623,0.8202380952380952,0.1635081214399
xgb,False,5,9,16,0.7213114754098361,0.674404761904762,0.6111111111111112,0.5238095238095238,0.825,0.5641025641025641,0.36337705176879853,0.8285714285714286,0.17587055265903473
lgbm,False,5,9,16,0.6885245901639344,0.638095238095238,0.5555555555555556,0.47619047619047616,0.8,0.5128205128205128,0.2877251740967961,0.7964285714285715,0.22137891324485665
stacking,False,5,9,16,0.7377049180327869,0.7321428571428572,0.6,0.7142857142857143,0.75,0.6521739130434783,0.4485426135725302,0.8464285714285714,0.16013662561439793
lr,True,5,9,14,0.7049180327868853,0.6845238095238095,0.5652173913043478,0.6190476190476191,0.75,0.5909090909090909,0.3617981438816451,0.8345238095238096,0.1650067191193242
svm,True,5,9,14,0.7049180327868853,0.661904761904762,0.5789473684210527,0.5238095238095238,0.8,0.55,0.3322215616275737,0.8357142857142857,0.16302745596144932
knn,True,5,9,14,0.7704918032786885,0.7345238095238096,0.6842105263157895,0.6190476190476191,0.85,0.65,0.48123270323994133,0.8357142857142857,0.15568163634540763
nb,True,5,9,14,0.7049180327868853,0.6732142857142858,0.5714285714285714,0.5714285714285714,0.775,0.5714285714285714,0.3464285714285714,0.8011904761904762,0.25537094968398366
dt,True,5,9,14,0.7377049180327869,0.7321428571428572,0.6,0.7142857142857143,0.75,0.6521739130434783,0.4485426135725302,0.7988095238095239,0.17649567768201047
rf,True,5,9,14,0.7704918032786885,0.7571428571428571,0.6521739130434783,0.7142857142857143,0.8,0.6818181818181818,0.5041832198608731,0.8523809523809524,0.1484764535539491
et,True,5,9,14,0.7540983606557377,0.7333333333333334,0.6363636363636364,0.6666666666666666,0.8,0.6511627906976745,0.4617456152569434,0.8333333333333333,0.16076960223353298
gb,True,5,9,14,0.6721311475409836,0.6029761904761904,0.5333333333333333,0.38095238095238093,0.825,0.4444444444444444,0.22723850046560737,0.805952380952381,0.1734062393035278
xgb,True,5,9,14,0.7049180327868853,0.650595238095238,0.5882352941176471,0.47619047619047616,0.825,0.5263157894736842,0.31917589084973175,0.8357142857142856,0.1786179393529892
lgbm,True,5,9,14,0.7213114754098361,0.6630952380952381,0.625,0.47619047619047616,0.85,0.5405405405405406,0.35232598241344315,0.7988095238095239,0.2141509092560503
stacking,True,5,9,14,0.7377049180327869,0.7208333333333333,0.6086956521739131,0.6666666666666666,0.775,0.6363636363636364,0.4329906818712591,0.8369047619047619,0.16393163912516506
lr_own_rfecv,True,5,9,9,0.7377049180327869,0.7321428571428572,0.6,0.7142857142857143,0.75,0.6521739130434783,0.4485426135725302,0.8285714285714285,0.1653957889677442
lr,False,5,10,16,0.6557377049180327,0.6696428571428572,0.5,0.7142857142857143,0.625,0.5882352941176471,0.3224510108185121,0.7607142857142858,0.21461566810002972
svm,False,5,10,16,0.7049180327868853,0.6732142857142858,0.5714285714285714,0.5714285714285714,0.775,0.5714285714285714,0.3464285714285714,0.7226190476190475,0.20440908423743356
knn,False,5,10,16,0.6721311475409836,0.6369047619047619,0.5238095238095238,0.5238095238095238,0.75,0.5238095238095238,0.27380952380952384,0.6988095238095238,0.21266610596217242
nb,False,5,10,16,0.7377049180327869,0.6982142857142857,0.631578947368421,0.5714285714285714,0.825,0.6,0.4067271324337575,0.7083333333333334,0.2533343868866235
dt,False,5,10,16,0.6065573770491803,0.6208333333333333,0.45161290322580644,0.6666666666666666,0.575,0.5384615384615384,0.22967563226722087,0.6494047619047619,0.3104209076357572
rf,False,5,10,16,0.6229508196721312,0.6107142857142858,0.46153846153846156,0.5714285714285714,0.65,0.5106382978723404,0.21274169005533006,0.7238095238095238,0.21583268468701658
et,False,5,10,16,0.639344262295082,0.6345238095238095,0.48148148148148145,0.6190476190476191,0.65,0.5416666666666666,0.2573637971418306,0.7119047619047619,0.21545410791872566
gb,False,5,10,16,0.6721311475409836,0.6482142857142856,0.5217391304347826,0.5714285714285714,0.725,0.5454545454545454,0.29060560589203105,0.7333333333333333,0.2093509888209064
xgb,False,5,10,16,0.6721311475409836,0.6595238095238095,0.52,0.6190476190476191,0.7,0.5652173913043478,0.3082292831729182,0.7107142857142857,0.22525659203529358
lgbm,False,5,10,16,0.6557377049180327,0.6470238095238096,0.5,0.6190476190476191,0.675,0.5531914893617021,0.2825118142132609,0.6714285714285715,0.2916908445182328
stacking,False,5,10,16,0.6557377049180327,0.6583333333333333,0.5,0.6666666666666666,0.65,0.5714285714285714,0.3019298199277709,0.7404761904761905,0.2166985750002169
lr,True,5,10,8,0.6557377049180327,0.6583333333333333,0.5,0.6666666666666666,0.65,0.5714285714285714,0.3019298199277709,0.7619047619047619,0.2166699069220714
svm,True,5,10,8,0.6229508196721312,0.6107142857142858,0.46153846153846156,0.5714285714285714,0.65,0.5106382978723404,0.21274169005533006,0.7309523809523809,0.21129135336276464
knn,True,5,10,8,0.6721311475409836,0.6595238095238095,0.52,0.6190476190476191,0.7,0.5652173913043478,0.3082292831729182,0.719047619047619,0.21159429395652102
nb,True,5,10,8,0.6885245901639344,0.6607142857142857,0.5454545454545454,0.5714285714285714,0.75,0.5581395348837209,0.31803907173309875,0.7440476190476191,0.2539335960878375
dt,True,5,10,8,0.639344262295082,0.6458333333333333,0.4827586206896552,0.6666666666666666,0.625,0.56,0.2774932690495683,0.6749999999999999,0.2775204058700802
rf,True,5,10,8,0.6229508196721312,0.6220238095238095,0.4642857142857143,0.6190476190476191,0.625,0.5306122448979592,0.23269027475636478,0.75,0.21157784400727336
et,True,5,10,8,0.639344262295082,0.6345238095238095,0.48148148148148145,0.6190476190476191,0.65,0.5416666666666666,0.2573637971418306,0.7380952380952381,0.21065881946641593
gb,True,5,10,8,0.639344262295082,0.611904761904762,0.4782608695652174,0.5238095238095238,0.7,0.5,0.21941306790241702,0.7154761904761905,0.22299289167223055
xgb,True,5,10,8,0.7049180327868853,0.6845238095238095,0.5652173913043478,0.6190476190476191,0.75,0.5909090909090909,0.3617981438816451,0.7214285714285714,0.21517051756381989
lgbm,True,5,10,8,0.639344262295082,0.6232142857142857,0.48,0.5714285714285714,0.675,0.5217391304347826,0.2380726179731122,0.6797619047619047,0.2623728283015308
stacking,True,5,10,8,0.6557377049180327,0.6583333333333333,0.5,0.6666666666666666,0.65,0.5714285714285714,0.3019298199277709,0.7511904761904762,0.22568947575583193
lr_own_rfecv,True,5,10,11,0.6885245901639344,0.6946428571428571,0.5357142857142857,0.7142857142857143,0.675,0.6122448979591837,0.37116936509917703,0.763095238095238,0.2134847785872543
